학년도,시도,학업중단자 총계,초등학교,,,중학교,,,,,,,,고등학교,,,,,,,,,,,,,,
,,,계,유예,면제,계,2003년 이후 기준,,2002년까지의 기준,,,,,계,유예,면제,자퇴(~2011학년도까지의 기준),,,,,자퇴(2012학년도 이후 기준),,,,,퇴학,제적
,,,,,,,유예,면제,질병,부적응,품행,가사,기타,,,,질병,부적응,품행,가사,기타,질병,가사,부적응,해외출국,기타,,
1999,전국,77795,12846,12846,0,16997,0,0,832,5332,848,4086,5899,47952,0,0,2327,19314,2916,17002,6393,0,0,0,0,0,0,0
2000,전국,85072,14734,14734,0,18810,0,0,851,5475,787,4382,7315,51528,0,0,2167,20699,2366,17990,8306,0,0,0,0,0,0,0
2001,전국,85431,18170,18170,0,19606,0,0,865,4879,432,4816,8614,47655,0,0,2201,17405,2061,16591,9397,0,0,0,0,0,0,0
2002,전국,72904,18956,18956,0,15753,0,0,831,2922,1068,3190,7742,38195,0,0,1729,12529,3106,13492,7339,0,0,0,0,0,0,0
2003,전국,70962,30056,29602,454,13276,11652,1624,0,0,0,0,0,27630,0,0,1407,11202,926,9277,4818,0,0,0,0,0,0,0
2004,전국,54995,16793,16562,231,14165,13390,775,0,0,0,0,0,24037,0,0,1360,9703,849,7577,4548,0,0,0,0,0,0,0
2005,전국,57148,18403,18150,253,15669,14920,749,0,0,0,0,0,23076,0,0,1522,9039,652,6775,5088,0,0,0,0,0,0,0
2006,전국,70796,23898,23691,207,18968,18415,553,0,0,0,0,0,27930,0,0,1968,10969,862,8057,6074,0,0,0,0,0,0,0
2007,전국,73494,20450,20211,239,20101,19512,589,0,0,0,0,0,32943,0,0,2174,14015,1034,10200,5520,0,0,0,0,0,0,0
2008,전국,71769,17644,17371,273,19675,19294,381,0,0,0,0,0,34450,0,0,1972,16267,672,10169,5370,0,0,0,0,0,0,0
2009,전국,61910,11634,11332,302,15736,15261,475,0,0,0,0,0,34540,0,0,2067,15268,475,8363,8367,0,0,0,0,0,0,0
2010,전국,76589,18836,13833,5003,18866,16665,2201,0,0,0,0,0,38887,0,0,2239,17548,483,4526,14091,0,0,0,0,0,0,0
2011,전국,74365,19163,12938,6225,17811,15344,2467,0,0,0,0,0,37391,0,0,2210,16419,452,2976,15334,0,0,0,0,0,0,0
2012,전국,68188,16828,8916,7912,16426,14015,2411,0,0,0,0,0,34934,322,14,0,0,0,0,0,1429,2327,17454,4376,7967,1045,0
2013,전국,60568,15908,7627,8281,14278,11856,2422,0,0,0,0,0,30382,151,20,0,0,0,0,0,1272,1572,15672,3923,6589,788,395
2014,전국,51906,14886,6775,8111,11702,9450,2252,0,0,0,0,0,25318,120,4,0,0,0,0,0,1006,624,9781,3939,8739,858,247
2015,전국,47070,14555,6357,8198,9961,7840,2121,0,0,0,0,0,22554,118,11,0,0,0,0,0,882,503,7963,3693,8386,790,208
2016,전국,47663,14998,5990,9008,8924,6689,2235,0,0,0,0,0,23741,94,13,0,0,0,0,0,993,346,7208,3938,10227,777,145
2017,전국,50057,16422,6745,9677,9129,6758,2371,0,0,0,0,0,24506,98,9,0,0,0,0,0,997,280,7042,3629,11558,780,113
2018,전국,52539,17797,7102,10695,9764,7437,2327,0,0,0,0,0,24978,78,11,0,0,0,0,0,1176,262,6968,3567,12128,721,67
2019,전국,52261,18366,7628,10738,10001,7404,2597,0,0,0,0,0,23894,71,12,0,0,0,0,0,1054,147,6694,3077,12252,545,42
1999,서울,21323,3897,3897,0,4951,0,0,160,1057,52,1332,2350,12475,0,0,471,4780,928,3835,2461,0,0,0,0,0,0,0
2000,서울,23909,4632,4632,0,5955,0,0,162,1189,72,1544,2988,13322,0,0,500,4663,685,4182,3292,0,0,0,0,0,0,0
2001,서울,23126,5182,5182,0,6389,0,0,159,943,40,1937,3310,11555,0,0,442,3610,761,3413,3329,0,0,0,0,0,0,0
2002,서울,19755,5622,5622,0,5228,0,0,206,651,216,1162,2993,8905,0,0,398,2102,713,3046,2646,0,0,0,0,0,0,0
2003,서울,15150,5589,5550,39,4021,3364,657,0,0,0,0,0,5540,0,0,278,2011,139,2289,823,0,0,0,0,0,0,0
2004,서울,13524,4200,4167,33,4198,3897,301,0,0,0,0,0,5126,0,0,253,1854,124,1934,961,0,0,0,0,0,0,0
2005,서울,14353,4834,4813,21,4937,4629,308,0,0,0,0,0,4582,0,0,290,1766,80,1531,915,0,0,0,0,0,0,0
2006,서울,17573,6639,6615,24,5722,5528,194,0,0,0,0,0,5212,0,0,358,2056,91,1433,1274,0,0,0,0,0,0,0
2007,서울,16723,5103,5065,38,5563,5404,159,0,0,0,0,0,6057,0,0,420,2269,114,1687,1567,0,0,0,0,0,0,0
2008,서울,16255,5132,5097,35,5324,5206,118,0,0,0,0,0,5799,0,0,384,2391,75,1470,1479,0,0,0,0,0,0,0
2009,서울,13381,3718,3672,46,4048,3923,125,0,0,0,0,0,5615,0,0,391,2250,82,1256,1636,0,0,0,0,0,0,0
2010,서울,18578,6542,4786,1756,4770,3984,786,0,0,0,0,0,7266,0,0,448,2474,55,818,3471,0,0,0,0,0,0,0
2011,서울,17924,6425,4435,1990,4653,3725,928,0,0,0,0,0,6846,0,0,449,2358,53,548,3438,0,0,0,0,0,0,0
2012,서울,16126,5671,2722,2949,4028,3094,934,0,0,0,0,0,6427,41,1,0,0,0,0,0,334,488,2703,1408,1274,178,0
2013,서울,14134,4948,2153,2795,3561,2688,873,0,0,0,0,0,5625,14,1,0,0,0,0,0,307,321,2391,1241,1156,109,85
2014,서울,12384,4696,1842,2854,2981,2200,781,0,0,0,0,0,4707,10,0,0,0,0,0,0,225,97,1559,1133,1553,72,58
2015,서울,11144,4437,1584,2853,2532,1797,735,0,0,0,0,0,4175,16,0,0,0,0,0,0,203,80,1200,1077,1472,83,44
2016,서울,10950,4412,1548,2864,2228,1511,717,0,0,0,0,0,4310,10,1,0,0,0,0,0,208,57,1074,1151,1690,82,37
2017,서울,11546,4686,1660,3026,2329,1624,705,0,0,0,0,0,4531,15,2,0,0,0,0,0,216,28,1127,1101,1927,78,37
2018,서울,11837,4792,1695,3097,2423,1763,660,0,0,0,0,0,4622,10,1,0,0,0,0,0,249,35,1087,1085,2064,66,25
2019,서울,11886,5154,1940,3214,2414,1710,704,0,0,0,0,0,4318,9,1,0,0,0,0,0,196,12,978,942,2108,60,12
1999,부산,5696,1055,1055,0,1290,0,0,78,606,79,210,317,3351,0,0,223,1830,297,568,433,0,0,0,0,0,0,0
2000,부산,6028,843,843,0,1303,0,0,82,608,64,211,338,3882,0,0,206,2237,218,708,513,0,0,0,0,0,0,0
2001,부산,6072,1023,1023,0,1280,0,0,71,509,33,189,478,3769,0,0,221,2038,151,577,782,0,0,0,0,0,0,0
2002,부산,5156,1380,1380,0,1028,0,0,71,337,71,106,443,2748,0,0,136,1313,377,514,408,0,0,0,0,0,0,0
2003,부산,4866,1975,1950,25,705,615,90,0,0,0,0,0,2186,0,0,148,1210,205,347,276,0,0,0,0,0,0,0
2004,부산,3923,1387,1359,28,761,732,29,0,0,0,0,0,1775,0,0,143,882,132,359,259,0,0,0,0,0,0,0
2005,부산,3463,1060,1046,14,765,718,47,0,0,0,0,0,1638,0,0,144,823,85,321,265,0,0,0,0,0,0,0
2006,부산,4213,1035,1030,5,1158,1097,61,0,0,0,0,0,2020,0,0,160,1142,101,274,343,0,0,0,0,0,0,0
2007,부산,4713,1139,1115,24,1199,1142,57,0,0,0,0,0,2375,0,0,194,1130,64,383,604,0,0,0,0,0,0,0
2008,부산,4659,937,920,17,1176,1148,28,0,0,0,0,0,2546,0,0,154,1476,51,452,413,0,0,0,0,0,0,0
2009,부산,3892,446,440,6,1033,996,37,0,0,0,0,0,2413,0,0,171,1259,65,360,558,0,0,0,0,0,0,0
2010,부산,4290,649,536,113,1089,1014,75,0,0,0,0,0,2552,0,0,185,1202,78,226,861,0,0,0,0,0,0,0
2011,부산,4439,754,493,261,1104,975,129,0,0,0,0,0,2581,0,0,147,1160,99,270,905,0,0,0,0,0,0,0
2012,부산,4011,622,339,283,1012,906,106,0,0,0,0,0,2377,22,1,0,0,0,0,0,98,224,1234,234,461,103,0
2013,부산,3518,716,362,354,865,787,78,0,0,0,0,0,1937,10,4,0,0,0,0,0,95,153,1009,197,372,56,41
2014,부산,2926,686,340,346,670,569,101,0,0,0,0,0,1570,14,3,0,0,0,0,0,71,55,616,217,524,42,28
2015,부산,2644,618,292,326,532,440,92,0,0,0,0,0,1494,4,7,0,0,0,0,0,54,51,560,209,540,56,13
2016,부산,2459,693,297,396,499,403,96,0,0,0,0,0,1267,8,2,0,0,0,0,0,48,13,423,192,523,43,15
2017,부산,2679,760,326,434,477,353,124,0,0,0,0,0,1442,7,2,0,0,0,0,0,71,28,450,209,607,55,13
2018,부산,2857,805,340,465,501,391,110,0,0,0,0,0,1551,9,3,0,0,0,0,0,120,18,484,219,609,82,7
2019,부산,2609,786,332,454,495,364,131,0,0,0,0,0,1328,7,6,0,0,0,0,0,84,6,399,188,579,57,2
1999,대구,2744,346,346,0,657,0,0,46,279,15,147,170,1741,0,0,152,831,57,419,282,0,0,0,0,0,0,0
2000,대구,3166,586,586,0,699,0,0,51,300,42,128,178,1881,0,0,140,970,178,352,241,0,0,0,0,0,0,0
2001,대구,3168,593,593,0,747,0,0,49,278,24,133,263,1828,0,0,181,966,63,290,328,0,0,0,0,0,0,0
2002,대구,2650,600,600,0,552,0,0,46,171,29,62,244,1498,0,0,119,765,75,274,265,0,0,0,0,0,0,0
2003,대구,3073,1522,1498,24,409,383,26,0,0,0,0,0,1142,0,0,119,577,58,241,147,0,0,0,0,0,0,0
2004,대구,1883,484,471,13,462,452,10,0,0,0,0,0,937,0,0,91,528,34,199,85,0,0,0,0,0,0,0
2005,대구,2192,683,681,2,568,564,4,0,0,0,0,0,941,0,0,82,495,36,182,146,0,0,0,0,0,0,0
2006,대구,2728,824,813,11,691,681,10,0,0,0,0,0,1213,0,0,105,700,12,200,196,0,0,0,0,0,0,0
2007,대구,3002,705,699,6,784,777,7,0,0,0,0,0,1513,0,0,129,876,30,240,238,0,0,0,0,0,0,0
2008,대구,2746,512,507,5,721,714,7,0,0,0,0,0,1513,0,0,125,883,15,197,293,0,0,0,0,0,0,0
2009,대구,2379,340,336,4,577,571,6,0,0,0,0,0,1462,0,0,126,871,3,114,348,0,0,0,0,0,0,0
2010,대구,2834,628,430,198,689,629,60,0,0,0,0,0,1517,0,0,94,940,17,53,413,0,0,0,0,0,0,0
2011,대구,2931,601,407,194,615,544,71,0,0,0,0,0,1715,0,0,110,1028,2,44,531,0,0,0,0,0,0,0
2012,대구,2683,479,286,193,576,498,78,0,0,0,0,0,1628,23,0,0,0,0,0,0,59,75,994,142,309,26,0
2013,대구,2379,478,218,260,496,430,66,0,0,0,0,0,1405,5,0,0,0,0,0,0,45,30,840,153,311,14,7
2014,대구,1950,394,207,187,374,307,67,0,0,0,0,0,1182,6,0,0,0,0,0,0,39,23,581,148,317,67,1
2015,대구,1750,358,172,186,293,241,52,0,0,0,0,0,1099,7,0,0,0,0,0,0,49,27,531,113,306,65,1
2016,대구,1994,465,185,280,273,227,46,0,0,0,0,0,1256,6,0,0,0,0,0,0,50,16,568,132,402,82,0
2017,대구,1948,493,216,277,292,226,66,0,0,0,0,0,1163,3,0,0,0,0,0,0,69,21,360,137,495,78,0
2018,대구,1936,530,224,306,311,232,79,0,0,0,0,0,1095,1,0,0,0,0,0,0,64,21,347,112,495,54,1
2019,대구,1933,535,222,313,351,276,75,0,0,0,0,0,1047,2,0,0,0,0,0,0,63,6,345,105,479,45,2
1999,인천,3914,683,683,0,941,0,0,44,478,20,132,267,2290,0,0,74,1440,40,386,350,0,0,0,0,0,0,0
2000,인천,4440,696,696,0,982,0,0,51,416,15,174,326,2762,0,0,113,1575,86,620,368,0,0,0,0,0,0,0
2001,인천,4373,999,999,0,1014,0,0,51,348,18,188,409,2360,0,0,84,1121,46,765,344,0,0,0,0,0,0,0
2002,인천,3655,906,906,0,827,0,0,30,217,59,102,419,1922,0,0,105,890,148,501,278,0,0,0,0,0,0,0
2003,인천,3968,1980,1920,60,555,463,92,0,0,0,0,0,1433,0,0,60,777,30,367,199,0,0,0,0,0,0,0
2004,인천,2921,855,835,20,856,795,61,0,0,0,0,0,1210,0,0,56,599,28,288,239,0,0,0,0,0,0,0
2005,인천,3229,1041,1015,26,933,890,43,0,0,0,0,0,1255,0,0,62,714,5,283,191,0,0,0,0,0,0,0
2006,인천,3676,1300,1279,21,926,909,17,0,0,0,0,0,1450,0,0,79,716,25,372,258,0,0,0,0,0,0,0
2007,인천,4043,966,963,3,1107,1098,9,0,0,0,0,0,1970,0,0,102,1172,26,339,331,0,0,0,0,0,0,0
2008,인천,4153,856,843,13,1252,1244,8,0,0,0,0,0,2045,0,0,72,1128,20,460,365,0,0,0,0,0,0,0
2009,인천,3664,579,569,10,974,943,31,0,0,0,0,0,2111,0,0,94,1122,29,446,420,0,0,0,0,0,0,0
2010,인천,4180,843,680,163,1138,1059,79,0,0,0,0,0,2199,0,0,128,968,35,192,876,0,0,0,0,0,0,0
2011,인천,3810,812,555,257,1058,979,79,0,0,0,0,0,1940,0,0,164,376,23,135,1242,0,0,0,0,0,0,0
2012,인천,3328,720,416,304,890,813,77,0,0,0,0,0,1718,11,1,0,0,0,0,0,124,76,435,159,874,38,0
2013,인천,3035,724,373,351,743,669,74,0,0,0,0,0,1568,7,1,0,0,0,0,0,84,67,501,160,689,46,13
2014,인천,2485,620,296,324,559,462,97,0,0,0,0,0,1306,5,0,0,0,0,0,0,62,35,233,205,695,61,10
2015,인천,2266,709,345,364,481,391,90,0,0,0,0,0,1076,2,0,0,0,0,0,0,47,14,190,176,586,46,15
2016,인천,2346,636,251,385,476,373,103,0,0,0,0,0,1234,4,0,0,0,0,0,0,68,15,214,196,669,62,6
2017,인천,2441,737,349,388,516,421,95,0,0,0,0,0,1188,8,0,0,0,0,0,0,58,13,238,192,621,56,2
2018,인천,2701,811,366,445,566,452,114,0,0,0,0,0,1324,2,0,0,0,0,0,0,62,10,299,176,720,55,0
2019,인천,2690,932,443,489,523,398,125,0,0,0,0,0,1235,8,0,0,0,0,0,0,55,10,275,148,709,30,0
1999,광주,2548,239,239,0,564,0,0,35,138,24,266,101,1745,0,0,76,541,187,697,244,0,0,0,0,0,0,0
2000,광주,2668,434,434,0,553,0,0,26,126,18,273,110,1681,0,0,55,473,82,710,361,0,0,0,0,0,0,0
2001,광주,2262,339,339,0,604,0,0,35,114,15,276,164,1319,0,0,61,268,193,598,199,0,0,0,0,0,0,0
2002,광주,1992,412,412,0,402,0,0,24,58,41,134,145,1178,0,0,64,228,93,640,153,0,0,0,0,0,0,0
2003,광주,2019,704,695,9,329,300,29,0,0,0,0,0,986,0,0,39,263,41,464,179,0,0,0,0,0,0,0
2004,광주,1606,369,362,7,355,352,3,0,0,0,0,0,882,0,0,51,158,109,450,114,0,0,0,0,0,0,0
2005,광주,1476,285,275,10,397,392,5,0,0,0,0,0,794,0,0,74,153,101,321,145,0,0,0,0,0,0,0
2006,광주,1929,458,450,8,480,479,1,0,0,0,0,0,991,0,0,58,137,147,431,218,0,0,0,0,0,0,0
2007,광주,2246,446,440,6,496,490,6,0,0,0,0,0,1304,0,0,59,233,178,598,236,0,0,0,0,0,0,0
2008,광주,2199,323,323,0,506,504,2,0,0,0,0,0,1370,0,0,49,331,70,681,239,0,0,0,0,0,0,0
2009,광주,2062,271,263,8,418,405,13,0,0,0,0,0,1373,0,0,66,402,1,531,373,0,0,0,0,0,0,0
2010,광주,2335,420,385,35,483,467,16,0,0,0,0,0,1432,0,0,75,543,20,336,458,0,0,0,0,0,0,0
2011,광주,2173,387,316,71,484,460,24,0,0,0,0,0,1302,0,0,75,619,10,167,431,0,0,0,0,0,0,0
2012,광주,1918,332,226,106,433,403,30,0,0,0,0,0,1153,11,0,0,0,0,0,0,76,101,559,113,241,52,0
2013,광주,1729,310,190,120,349,324,25,0,0,0,0,0,1070,2,0,0,0,0,0,0,47,100,568,93,180,30,50
2014,광주,1437,232,137,95,297,273,24,0,0,0,0,0,908,3,0,0,0,0,0,0,25,8,411,108,301,12,40
2015,광주,1386,292,174,118,274,254,20,0,0,0,0,0,820,3,0,0,0,0,0,0,29,12,310,106,316,8,36
2016,광주,1449,398,212,186,235,204,31,0,0,0,0,0,816,1,0,0,0,0,0,0,52,6,253,89,368,17,30
2017,광주,1405,346,208,138,239,207,32,0,0,0,0,0,820,4,0,0,0,0,0,0,30,5,285,74,376,39,7
2018,광주,1390,407,236,171,214,181,33,0,0,0,0,0,769,0,0,0,0,0,0,0,29,7,242,76,371,40,4
2019,광주,1388,458,266,192,189,152,37,0,0,0,0,0,741,2,0,0,0,0,0,0,44,3,244,74,344,30,0
1999,대전,2454,370,370,0,580,0,0,21,244,23,123,169,1504,0,0,88,661,82,501,172,0,0,0,0,0,0,0
2000,대전,2956,521,521,0,684,0,0,36,250,25,118,255,1751,0,0,84,645,20,648,354,0,0,0,0,0,0,0
2001,대전,2866,517,517,0,708,0,0,47,181,17,116,347,1641,0,0,69,589,63,523,397,0,0,0,0,0,0,0
2002,대전,2535,570,570,0,581,0,0,29,125,48,80,299,1384,0,0,68,368,79,477,392,0,0,0,0,0,0,0
2003,대전,2245,791,785,6,401,366,35,0,0,0,0,0,1053,0,0,51,410,42,287,263,0,0,0,0,0,0,0
2004,대전,1965,645,644,1,525,484,41,0,0,0,0,0,795,0,0,42,422,17,189,125,0,0,0,0,0,0,0
2005,대전,1863,607,603,4,448,426,22,0,0,0,0,0,808,0,0,48,345,30,158,227,0,0,0,0,0,0,0
2006,대전,2413,906,903,3,528,514,14,0,0,0,0,0,979,0,0,63,392,38,259,227,0,0,0,0,0,0,0
2007,대전,2582,715,710,5,651,637,14,0,0,0,0,0,1216,0,0,98,521,27,302,268,0,0,0,0,0,0,0
2008,대전,2347,561,541,20,576,570,6,0,0,0,0,0,1210,0,0,80,535,23,299,273,0,0,0,0,0,0,0
2009,대전,2105,372,356,16,499,488,11,0,0,0,0,0,1234,0,0,84,515,11,267,357,0,0,0,0,0,0,0
2010,대전,2845,662,507,155,586,507,79,0,0,0,0,0,1597,0,0,105,705,18,212,557,0,0,0,0,0,0,0
2011,대전,2853,688,477,211,590,483,107,0,0,0,0,0,1575,0,0,74,699,9,65,728,0,0,0,0,0,0,0
2012,대전,2554,615,311,304,633,542,91,0,0,0,0,0,1306,26,0,0,0,0,0,0,55,34,662,173,328,28,0
2013,대전,2279,746,423,323,538,431,107,0,0,0,0,0,995,2,1,0,0,0,0,0,43,33,528,136,210,37,5
2014,대전,1931,670,307,363,441,358,83,0,0,0,0,0,820,3,0,0,0,0,0,0,51,10,257,107,296,94,2
2015,대전,1580,529,257,272,305,232,73,0,0,0,0,0,746,3,0,0,0,0,0,0,38,10,279,121,246,49,0
2016,대전,1657,608,285,323,322,242,80,0,0,0,0,0,727,2,1,0,0,0,0,0,48,6,247,127,264,31,1
2017,대전,1592,555,250,305,288,202,86,0,0,0,0,0,749,0,0,0,0,0,0,0,58,6,187,113,334,50,1
2018,대전,1632,553,232,321,304,239,65,0,0,0,0,0,775,3,0,0,0,0,0,0,68,3,161,100,417,23,0
2019,대전,1597,575,221,354,275,190,85,0,0,0,0,0,747,2,0,0,0,0,0,0,51,4,209,85,379,17,0
1999,울산,1520,215,215,0,295,0,0,15,135,9,65,71,1010,0,0,28,323,24,568,67,0,0,0,0,0,0,0
2000,울산,1760,366,366,0,326,0,0,20,149,12,82,63,1068,0,0,30,487,53,437,61,0,0,0,0,0,0,0
2001,울산,1697,255,255,0,296,0,0,22,134,6,58,76,1146,0,0,28,349,70,546,153,0,0,0,0,0,0,0
2002,울산,1431,362,362,0,272,0,0,21,99,10,35,107,797,0,0,20,267,60,356,94,0,0,0,0,0,0,0
2003,울산,1470,616,612,4,230,188,42,0,0,0,0,0,624,0,0,21,174,21,301,107,0,0,0,0,0,0,0
2004,울산,1089,404,402,2,220,201,19,0,0,0,0,0,465,0,0,24,228,8,148,57,0,0,0,0,0,0,0
2005,울산,1109,381,379,2,240,222,18,0,0,0,0,0,488,0,0,28,161,4,165,130,0,0,0,0,0,0,0
2006,울산,1454,489,478,11,270,245,25,0,0,0,0,0,695,0,0,46,306,20,195,128,0,0,0,0,0,0,0
2007,울산,1506,495,487,8,353,334,19,0,0,0,0,0,658,0,0,29,298,17,210,104,0,0,0,0,0,0,0
2008,울산,1521,367,357,10,325,311,14,0,0,0,0,0,829,0,0,38,513,5,197,76,0,0,0,0,0,0,0
2009,울산,1268,180,178,2,320,311,9,0,0,0,0,0,768,0,0,39,396,2,242,89,0,0,0,0,0,0,0
2010,울산,1642,296,230,66,394,354,40,0,0,0,0,0,952,0,0,57,601,12,69,213,0,0,0,0,0,0,0
2011,울산,1588,321,227,94,351,306,45,0,0,0,0,0,916,0,0,42,581,6,48,239,0,0,0,0,0,0,0
2012,울산,1422,262,146,116,351,300,51,0,0,0,0,0,809,9,1,0,0,0,0,0,23,42,499,92,139,4,0
2013,울산,1236,230,118,112,294,264,30,0,0,0,0,0,712,2,0,0,0,0,0,0,19,12,464,77,128,7,3
2014,울산,922,223,84,139,203,158,45,0,0,0,0,0,496,4,0,0,0,0,0,0,18,10,213,82,125,44,0
2015,울산,758,219,78,141,184,131,53,0,0,0,0,0,355,2,0,0,0,0,0,0,11,4,129,68,102,39,0
2016,울산,772,216,61,155,149,98,51,0,0,0,0,0,407,0,0,0,0,0,0,0,15,6,121,65,172,26,2
2017,울산,751,244,78,166,131,92,39,0,0,0,0,0,376,2,0,0,0,0,0,0,16,2,99,65,179,13,0
2018,울산,802,241,63,178,140,106,34,0,0,0,0,0,421,2,0,0,0,0,0,0,23,4,115,45,217,15,0
2019,울산,735,271,61,210,139,98,41,0,0,0,0,0,325,0,0,0,0,0,0,0,7,1,72,40,199,6,0
2012,세종,101,3,2,1,22,19,3,0,0,0,0,0,76,0,0,0,0,0,0,0,5,3,54,7,4,3,0
2013,세종,131,40,6,34,35,29,6,0,0,0,0,0,56,0,0,0,0,0,0,0,4,0,32,10,9,1,0
2014,세종,171,56,11,45,37,22,15,0,0,0,0,0,78,2,0,0,0,0,0,0,6,2,28,15,24,1,0
2015,세종,242,103,18,85,48,31,17,0,0,0,0,0,91,1,0,0,0,0,0,0,6,0,27,17,37,3,0
2016,세종,306,151,21,130,52,31,21,0,0,0,0,0,103,1,0,0,0,0,0,0,4,0,41,15,39,3,0
2017,세종,430,230,60,170,71,44,27,0,0,0,0,0,129,0,0,0,0,0,0,0,5,1,34,25,60,4,0
2018,세종,555,291,75,216,97,52,45,0,0,0,0,0,167,0,0,0,0,0,0,0,8,0,35,39,75,8,2
2019,세종,748,408,81,327,114,62,52,0,0,0,0,0,226,0,0,0,0,0,0,0,9,1,38,27,143,8,0
1999,경기,13624,3288,3288,0,3101,0,0,160,866,85,717,1273,7235,0,0,363,2790,384,2680,1018,0,0,0,0,0,0,0
2000,경기,15746,3591,3591,0,3769,0,0,177,863,94,815,1820,8386,0,0,255,3463,320,2831,1517,0,0,0,0,0,0,0
2001,경기,17689,5091,5091,0,4245,0,0,170,895,63,863,2254,8353,0,0,298,2936,130,3025,1964,0,0,0,0,0,0,0
2002,경기,15313,5049,5049,0,3485,0,0,149,439,179,841,1877,6779,0,0,246,2254,280,2261,1738,0,0,0,0,0,0,0
2003,경기,16931,8977,8902,75,3097,2894,203,0,0,0,0,0,4857,0,0,256,1943,115,1403,1140,0,0,0,0,0,0,0
2004,경기,13304,5097,5060,37,3544,3464,80,0,0,0,0,0,4663,0,0,253,1845,94,1335,1136,0,0,0,0,0,0,0
2005,경기,15065,6182,6098,84,4057,3939,118,0,0,0,0,0,4826,0,0,309,1769,98,1207,1443,0,0,0,0,0,0,0
2006,경기,20338,8442,8385,57,5351,5269,82,0,0,0,0,0,6545,0,0,556,2437,176,1959,1417,0,0,0,0,0,0,0
2007,경기,21272,7327,7281,46,6045,5983,62,0,0,0,0,0,7900,0,0,465,4227,307,2830,71,0,0,0,0,0,0,0
2008,경기,20430,6116,6029,87,5781,5736,45,0,0,0,0,0,8533,0,0,475,5122,206,2416,314,0,0,0,0,0,0,0
2009,경기,17059,3798,3699,99,4373,4284,89,0,0,0,0,0,8888,0,0,500,4490,104,1686,2108,0,0,0,0,0,0,0
2010,경기,21551,6101,4188,1913,5391,4695,696,0,0,0,0,0,10059,0,0,469,4892,72,670,3956,0,0,0,0,0,0,0
2011,경기,20341,6124,3893,2231,5042,4301,741,0,0,0,0,0,9175,0,0,539,4185,115,283,4053,0,0,0,0,0,0,0
2012,경기,19602,5627,2935,2692,4917,4174,743,0,0,0,0,0,9058,45,3,0,0,0,0,0,289,197,4954,1343,1912,315,0
2013,경기,17587,5327,2511,2816,4317,3480,837,0,0,0,0,0,7943,36,2,0,0,0,0,0,305,153,4238,1215,1696,227,71
2014,경기,15463,5045,2316,2729,3650,2902,748,0,0,0,0,0,6768,24,0,0,0,0,0,0,213,70,2627,1248,2391,148,47
2015,경기,14143,5083,2392,2691,3175,2453,722,0,0,0,0,0,5885,30,1,0,0,0,0,0,211,67,2020,1126,2277,114,39
2016,경기,14330,5104,2098,3006,2860,2084,776,0,0,0,0,0,6366,27,0,0,0,0,0,0,244,46,1663,1287,2930,140,29
2017,경기,15576,5650,2468,3182,2974,2129,845,0,0,0,0,0,6952,27,1,0,0,0,0,0,229,51,1821,1153,3488,157,25
2018,경기,16806,6528,2682,3846,3280,2437,843,0,0,0,0,0,6998,23,0,0,0,0,0,0,275,52,1621,1112,3774,131,10
2019,경기,16773,6422,2942,3480,3432,2509,923,0,0,0,0,0,6919,14,0,0,0,0,0,0,264,43,1549,987,3943,108,11
1999,강원,2626,344,344,0,551,0,0,19,284,71,62,115,1731,0,0,95,543,66,872,155,0,0,0,0,0,0,0
2000,강원,2733,372,372,0,569,0,0,17,280,31,79,162,1792,0,0,65,765,95,676,191,0,0,0,0,0,0,0
2001,강원,2663,518,518,0,544,0,0,21,295,15,48,165,1601,0,0,76,627,60,592,246,0,0,0,0,0,0,0
2002,강원,2201,349,349,0,403,0,0,19,153,59,35,137,1449,0,0,61,642,121,461,164,0,0,0,0,0,0,0
2003,강원,2130,714,672,42,415,367,48,0,0,0,0,0,1001,0,0,28,468,30,348,127,0,0,0,0,0,0,0
2004,강원,1721,436,433,3,370,354,16,0,0,0,0,0,915,0,0,39,371,34,224,247,0,0,0,0,0,0,0
2005,강원,1730,491,487,4,406,399,7,0,0,0,0,0,833,0,0,33,279,69,201,251,0,0,0,0,0,0,0
2006,강원,1849,483,482,1,491,488,3,0,0,0,0,0,875,0,0,53,337,21,237,227,0,0,0,0,0,0,0
2007,강원,1906,427,419,8,445,428,17,0,0,0,0,0,1034,0,0,75,412,20,228,299,0,0,0,0,0,0,0
2008,강원,2038,376,366,10,497,487,10,0,0,0,0,0,1165,0,0,68,460,14,321,302,0,0,0,0,0,0,0
2009,강원,1780,244,231,13,394,385,9,0,0,0,0,0,1142,0,0,69,405,24,311,333,0,0,0,0,0,0,0
2010,강원,2104,314,254,60,497,475,22,0,0,0,0,0,1293,0,0,79,724,17,117,356,0,0,0,0,0,0,0
2011,강원,2029,362,289,73,448,421,27,0,0,0,0,0,1219,0,0,53,664,12,66,424,0,0,0,0,0,0,0
2012,강원,1981,294,208,86,428,398,30,0,0,0,0,0,1259,11,0,0,0,0,0,0,44,71,783,86,234,30,0
2013,강원,1635,289,190,99,299,269,30,0,0,0,0,0,1047,3,1,0,0,0,0,0,32,32,624,66,240,29,20
2014,강원,1379,297,190,107,278,252,26,0,0,0,0,0,804,3,0,0,0,0,0,0,25,9,342,88,265,55,17
2015,강원,1246,239,132,107,253,242,11,0,0,0,0,0,754,3,0,0,0,0,0,0,26,30,268,64,308,46,9
2016,강원,1306,308,179,129,216,191,25,0,0,0,0,0,782,0,0,0,0,0,0,0,29,12,265,62,377,32,5
2017,강원,1414,396,173,223,201,176,25,0,0,0,0,0,817,1,0,0,0,0,0,0,25,20,281,72,385,27,6
2018,강원,1398,324,164,160,217,186,31,0,0,0,0,0,857,3,0,0,0,0,0,0,39,11,366,59,346,33,0
2019,강원,1353,318,162,156,227,200,27,0,0,0,0,0,808,2,0,0,0,0,0,0,42,4,348,48,315,47,2
1999,충북,2287,344,344,0,524,0,0,32,149,57,131,155,1419,0,0,68,286,76,837,152,0,0,0,0,0,0,0
2000,충북,2184,311,311,0,463,0,0,29,140,64,103,127,1410,0,0,72,502,44,664,128,0,0,0,0,0,0,0
2001,충북,2312,403,403,0,504,0,0,35,172,20,108,169,1405,0,0,52,437,16,726,174,0,0,0,0,0,0,0
2002,충북,2082,430,430,0,415,0,0,18,108,27,97,165,1237,0,0,53,411,111,550,112,0,0,0,0,0,0,0
2003,충북,2402,986,981,5,410,341,69,0,0,0,0,0,1006,0,0,36,396,18,296,260,0,0,0,0,0,0,0
2004,충북,1516,386,384,2,327,305,22,0,0,0,0,0,803,0,0,49,295,20,257,182,0,0,0,0,0,0,0
2005,충북,1449,362,357,5,322,304,18,0,0,0,0,0,765,0,0,55,445,12,126,127,0,0,0,0,0,0,0
2006,충북,1724,343,331,12,517,498,19,0,0,0,0,0,864,0,0,41,293,90,262,178,0,0,0,0,0,0,0
2007,충북,1780,322,318,4,452,436,16,0,0,0,0,0,1006,0,0,62,357,46,334,207,0,0,0,0,0,0,0
2008,충북,1882,335,324,11,447,426,21,0,0,0,0,0,1100,0,0,63,466,37,298,236,0,0,0,0,0,0,0
2009,충북,1667,212,193,19,365,352,13,0,0,0,0,0,1090,0,0,39,450,13,239,349,0,0,0,0,0,0,0
2010,충북,1848,270,209,61,493,445,48,0,0,0,0,0,1085,0,0,56,589,7,149,284,0,0,0,0,0,0,0
2011,충북,1923,318,233,85,417,396,21,0,0,0,0,0,1188,0,0,65,597,17,73,436,0,0,0,0,0,0,0
2012,충북,1730,244,145,99,390,364,26,0,0,0,0,0,1096,19,1,0,0,0,0,0,32,49,651,48,272,24,0
2013,충북,1626,244,108,136,362,326,36,0,0,0,0,0,1020,9,1,0,0,0,0,0,52,81,606,56,194,14,7
2014,충북,1404,269,120,149,272,247,25,0,0,0,0,0,863,10,0,0,0,0,0,0,40,21,420,56,277,39,0
2015,충북,1207,223,81,142,219,191,28,0,0,0,0,0,765,11,0,0,0,0,0,0,25,8,436,58,209,16,2
2016,충북,1312,238,80,158,215,162,53,0,0,0,0,0,859,7,0,0,0,0,0,0,32,9,432,61,299,16,3
2017,충북,1226,250,81,169,197,131,66,0,0,0,0,0,779,4,0,0,0,0,0,0,19,8,379,47,301,20,1
2018,충북,1330,275,76,199,210,163,47,0,0,0,0,0,845,6,1,0,0,0,0,0,31,9,435,55,281,25,2
2019,충북,1277,266,81,185,230,179,51,0,0,0,0,0,781,2,0,0,0,0,0,0,35,6,397,39,281,20,1
1999,충남,3327,258,258,0,615,0,0,42,130,126,123,194,2454,0,0,129,1016,172,1008,129,0,0,0,0,0,0,0
2000,충남,3441,396,396,0,606,0,0,33,147,106,129,191,2439,0,0,89,921,109,1064,256,0,0,0,0,0,0,0
2001,충남,3478,588,588,0,642,0,0,23,123,82,222,192,2248,0,0,96,884,98,897,273,0,0,0,0,0,0,0
2002,충남,2794,409,409,0,489,0,0,40,123,56,109,161,1896,0,0,72,682,160,790,192,0,0,0,0,0,0,0
2003,충남,2653,758,741,17,546,500,46,0,0,0,0,0,1349,0,0,53,628,43,437,188,0,0,0,0,0,0,0
2004,충남,2084,449,441,8,543,510,33,0,0,0,0,0,1092,0,0,59,521,31,324,157,0,0,0,0,0,0,0
2005,충남,2119,525,524,1,550,495,55,0,0,0,0,0,1044,0,0,65,349,31,330,269,0,0,0,0,0,0,0
2006,충남,2383,552,529,23,552,521,31,0,0,0,0,0,1279,0,0,84,481,30,414,270,0,0,0,0,0,0,0
2007,충남,2481,536,508,28,610,552,58,0,0,0,0,0,1335,0,0,117,435,20,505,258,0,0,0,0,0,0,0
2008,충남,2464,374,359,15,556,524,32,0,0,0,0,0,1534,0,0,86,569,26,572,281,0,0,0,0,0,0,0
2009,충남,2200,254,242,12,461,437,24,0,0,0,0,0,1485,0,0,83,447,24,521,410,0,0,0,0,0,0,0
2010,충남,2652,403,305,98,620,561,59,0,0,0,0,0,1629,0,0,105,662,35,338,489,0,0,0,0,0,0,0
2011,충남,2695,422,279,143,656,582,74,0,0,0,0,0,1617,0,0,88,660,12,220,637,0,0,0,0,0,0,0
2012,충남,2436,407,229,178,566,508,58,0,0,0,0,0,1463,23,3,0,0,0,0,0,38,190,547,131,475,56,0
2013,충남,2143,371,159,212,490,424,66,0,0,0,0,0,1282,14,0,0,0,0,0,0,45,99,617,118,297,72,20
2014,충남,1745,349,167,182,384,319,65,0,0,0,0,0,1012,16,1,0,0,0,0,0,44,51,334,115,408,37,6
2015,충남,1723,363,162,201,367,307,60,0,0,0,0,0,993,10,0,0,0,0,0,0,33,33,282,110,438,86,1
2016,충남,1734,403,154,249,267,220,47,0,0,0,0,0,1064,8,2,0,0,0,0,0,35,25,322,122,498,51,1
2017,충남,1809,492,191,301,271,215,56,0,0,0,0,0,1046,3,0,0,0,0,0,0,30,13,263,86,593,57,1
2018,충남,1851,464,178,286,315,248,67,0,0,0,0,0,1072,2,0,0,0,0,0,0,49,18,265,99,585,54,0
2019,충남,2006,535,194,341,378,271,107,0,0,0,0,0,1093,5,0,0,0,0,0,0,38,7,280,108,644,11,0
1999,전북,3366,408,408,0,620,0,0,25,245,59,148,143,2338,0,0,121,788,98,1072,259,0,0,0,0,0,0,0
2000,전북,3411,422,422,0,645,0,0,37,249,49,154,156,2344,0,0,101,724,108,1241,170,0,0,0,0,0,0,0
2001,전북,3115,476,476,0,538,0,0,34,192,12,166,134,2101,0,0,163,576,77,1065,220,0,0,0,0,0,0,0
2002,전북,2733,576,576,0,450,0,0,44,91,60,105,150,1707,0,0,69,391,246,789,212,0,0,0,0,0,0,0
2003,전북,2809,943,940,3,441,379,62,0,0,0,0,0,1425,0,0,43,447,36,562,337,0,0,0,0,0,0,0
2004,전북,2106,464,461,3,440,412,28,0,0,0,0,0,1202,0,0,49,414,66,419,254,0,0,0,0,0,0,0
2005,전북,1976,416,392,24,415,394,21,0,0,0,0,0,1145,0,0,61,395,30,452,207,0,0,0,0,0,0,0
2006,전북,2407,513,511,2,465,459,6,0,0,0,0,0,1429,0,0,58,399,36,570,366,0,0,0,0,0,0,0
2007,전북,2414,455,446,9,462,422,40,0,0,0,0,0,1497,0,0,64,403,52,713,265,0,0,0,0,0,0,0
2008,전북,2184,362,353,9,498,475,23,0,0,0,0,0,1324,0,0,76,431,4,592,221,0,0,0,0,0,0,0
2009,전북,2138,308,298,10,448,442,6,0,0,0,0,0,1382,0,0,67,470,10,507,328,0,0,0,0,0,0,0
2010,전북,2394,365,313,52,550,510,40,0,0,0,0,0,1479,0,0,87,653,26,235,478,0,0,0,0,0,0,0
2011,전북,2312,429,317,112,494,461,33,0,0,0,0,0,1389,0,0,57,698,15,212,407,0,0,0,0,0,0,0
2012,전북,2009,342,266,76,453,421,32,0,0,0,0,0,1214,20,1,0,0,0,0,0,42,134,645,97,242,33,0
2013,전북,1827,297,178,119,382,351,31,0,0,0,0,0,1148,2,1,0,0,0,0,0,28,138,675,97,162,21,24
2014,전북,1537,282,181,101,308,290,18,0,0,0,0,0,947,4,0,0,0,0,0,0,27,34,484,98,255,32,13
2015,전북,1381,257,153,104,274,257,17,0,0,0,0,0,850,4,0,0,0,0,0,0,27,19,367,104,284,23,22
2016,전북,1341,243,105,138,244,207,37,0,0,0,0,0,854,0,3,0,0,0,0,0,28,30,330,86,344,24,9
2017,전북,1355,264,129,135,240,209,31,0,0,0,0,0,851,7,3,0,0,0,0,0,20,16,320,70,384,21,10
2018,전북,1423,297,153,144,217,193,24,0,0,0,0,0,909,1,4,0,0,0,0,0,23,10,294,77,465,29,6
2019,전북,1307,219,105,114,206,176,30,0,0,0,0,0,882,7,5,0,0,0,0,0,27,6,324,57,441,11,4
1999,전남,3470,410,410,0,546,0,0,36,127,85,153,145,2514,0,0,109,900,155,1187,163,0,0,0,0,0,0,0
2000,전남,3473,363,363,0,566,0,0,24,212,51,146,133,2544,0,0,105,696,132,1396,215,0,0,0,0,0,0,0
2001,전남,3094,395,395,0,450,0,0,34,147,23,135,111,2249,0,0,87,734,49,1177,202,0,0,0,0,0,0,0
2002,전남,2540,474,474,0,392,0,0,33,63,84,83,129,1674,0,0,68,335,257,926,88,0,0,0,0,0,0,0
2003,전남,2907,1130,1120,10,476,402,74,0,0,0,0,0,1301,0,0,55,471,57,519,199,0,0,0,0,0,0,0
2004,전남,1927,379,367,12,422,391,31,0,0,0,0,0,1126,0,0,43,328,33,479,243,0,0,0,0,0,0,0
2005,전남,1832,346,342,4,409,394,15,0,0,0,0,0,1077,0,0,58,311,40,473,195,0,0,0,0,0,0,0
2006,전남,2088,379,378,1,443,434,9,0,0,0,0,0,1266,0,0,72,392,22,470,310,0,0,0,0,0,0,0
2007,전남,2395,458,446,12,488,466,22,0,0,0,0,0,1449,0,0,98,349,24,648,330,0,0,0,0,0,0,0
2008,전남,2467,363,345,18,524,511,13,0,0,0,0,0,1580,0,0,71,420,11,826,252,0,0,0,0,0,0,0
2009,전남,2225,243,228,15,492,474,18,0,0,0,0,0,1490,0,0,62,476,44,649,259,0,0,0,0,0,0,0
2010,전남,2187,240,199,41,505,474,31,0,0,0,0,0,1442,0,0,85,607,65,310,375,0,0,0,0,0,0,0
2011,전남,2226,300,233,67,440,411,29,0,0,0,0,0,1486,0,0,94,768,47,189,388,0,0,0,0,0,0,0
2012,전남,1932,230,158,72,373,339,34,0,0,0,0,0,1329,21,2,0,0,0,0,0,50,187,725,69,227,48,0
2013,전남,1733,204,144,60,340,310,30,0,0,0,0,0,1189,14,8,0,0,0,0,0,55,104,742,45,161,39,21
2014,전남,1532,206,163,43,288,271,17,0,0,0,0,0,1038,5,0,0,0,0,0,0,41,77,496,73,290,41,15
2015,전남,1296,197,131,66,216,201,15,0,0,0,0,0,883,9,3,0,0,0,0,0,41,52,435,78,233,25,7
2016,전남,1295,227,148,79,188,169,19,0,0,0,0,0,880,6,2,0,0,0,0,0,42,49,353,72,319,36,1
2017,전남,1385,289,161,128,193,171,22,0,0,0,0,0,903,2,0,0,0,0,0,0,49,28,360,53,387,23,1
2018,전남,1363,306,171,135,184,169,15,0,0,0,0,0,873,5,1,0,0,0,0,0,40,18,394,62,330,23,0
2019,전남,1302,307,156,151,199,177,22,0,0,0,0,0,796,4,0,0,0,0,0,0,58,6,364,55,287,22,0
1999,경북,3764,409,409,0,667,0,0,47,208,45,189,178,2688,0,0,116,1259,134,1010,169,0,0,0,0,0,0,0
2000,경북,3597,340,340,0,574,0,0,39,158,48,154,175,2683,0,0,150,1155,140,1020,218,0,0,0,0,0,0,0
2001,경북,3725,428,428,0,627,0,0,43,183,24,146,231,2670,0,0,129,1077,136,1019,309,0,0,0,0,0,0,0
2002,경북,3170,683,683,0,495,0,0,42,89,50,116,198,1992,0,0,95,819,115,750,213,0,0,0,0,0,0,0
2003,경북,2907,889,823,66,445,408,37,0,0,0,0,0,1573,0,0,91,571,30,696,185,0,0,0,0,0,0,0
2004,경북,2055,436,435,1,416,393,23,0,0,0,0,0,1203,0,0,79,547,25,445,107,0,0,0,0,0,0,0
2005,경북,2014,430,400,30,428,420,8,0,0,0,0,0,1156,0,0,96,403,11,460,186,0,0,0,0,0,0,0
2006,경북,2151,372,369,3,501,484,17,0,0,0,0,0,1278,0,0,92,483,12,495,196,0,0,0,0,0,0,0
2007,경북,2405,410,405,5,492,475,17,0,0,0,0,0,1503,0,0,112,603,20,531,237,0,0,0,0,0,0,0
2008,경북,2399,348,345,3,562,555,7,0,0,0,0,0,1489,0,0,90,590,16,643,150,0,0,0,0,0,0,0
2009,경북,2259,218,203,15,446,431,15,0,0,0,0,0,1595,0,0,104,681,23,529,258,0,0,0,0,0,0,0
2010,경북,2667,402,343,59,568,519,49,0,0,0,0,0,1697,0,0,91,865,8,351,382,0,0,0,0,0,0,0
2011,경북,2658,446,351,95,486,440,46,0,0,0,0,0,1726,0,0,107,874,5,282,458,0,0,0,0,0,0,0
2012,경북,2358,321,205,116,492,464,28,0,0,0,0,0,1545,4,0,0,0,0,0,0,54,193,941,64,250,39,0
2013,경북,2091,331,188,143,424,393,31,0,0,0,0,0,1336,3,0,0,0,0,0,0,41,124,846,67,215,30,10
2014,경북,1778,265,145,120,364,320,44,0,0,0,0,0,1149,6,0,0,0,0,0,0,46,60,598,76,318,37,8
2015,경북,1616,332,143,189,284,247,37,0,0,0,0,0,1000,5,0,0,0,0,0,0,41,56,469,72,304,38,15
2016,경북,1711,324,133,191,261,218,43,0,0,0,0,0,1126,9,2,0,0,0,0,0,37,33,496,71,425,49,4
2017,경북,1668,331,118,213,253,203,50,0,0,0,0,0,1084,6,1,0,0,0,0,0,45,33,413,80,468,30,8
2018,경북,1830,412,138,274,299,246,53,0,0,0,0,0,1119,4,0,0,0,0,0,0,45,32,413,68,517,38,2
2019,경북,1845,436,126,310,299,223,76,0,0,0,0,0,1110,2,0,0,0,0,0,0,25,20,414,49,556,36,8
1999,경남,4335,496,496,0,952,0,0,60,323,86,258,225,2887,0,0,173,1085,182,1191,256,0,0,0,0,0,0,0
2000,경남,4783,760,760,0,968,0,0,56,336,85,238,253,3055,0,0,174,1316,34,1287,244,0,0,0,0,0,0,0
2001,경남,4949,1198,1198,0,880,0,0,63,310,34,212,261,2871,0,0,173,1040,86,1279,293,0,0,0,0,0,0,0
2002,경남,4097,936,936,0,654,0,0,55,174,74,119,232,2507,0,0,124,895,212,1015,261,0,0,0,0,0,0,0
2003,경남,4522,2104,2036,68,656,566,90,0,0,0,0,0,1762,0,0,102,757,52,614,237,0,0,0,0,0,0,0
2004,경남,2840,712,657,55,603,549,54,0,0,0,0,0,1525,0,0,106,588,89,447,295,0,0,0,0,0,0,0
2005,경남,2787,679,662,17,695,647,48,0,0,0,0,0,1413,0,0,101,510,16,481,305,0,0,0,0,0,0,0
2006,경남,3279,1046,1022,24,741,692,49,0,0,0,0,0,1492,0,0,120,568,27,417,360,0,0,0,0,0,0,0
2007,경남,3369,859,827,32,777,704,73,0,0,0,0,0,1733,0,0,129,621,81,554,348,0,0,0,0,0,0,0
2008,경남,3291,592,576,16,748,709,39,0,0,0,0,0,1951,0,0,123,794,77,613,344,0,0,0,0,0,0,0
2009,경남,3177,368,343,25,753,691,62,0,0,0,0,0,2056,0,0,139,845,28,644,400,0,0,0,0,0,0,0
2010,경남,3715,569,373,196,898,791,107,0,0,0,0,0,2248,0,0,149,1005,13,410,671,0,0,0,0,0,0,0
2011,경남,3787,646,366,280,810,710,100,0,0,0,0,0,2331,0,0,119,1063,27,358,764,0,0,0,0,0,0,0
2012,경남,3389,564,260,304,736,649,87,0,0,0,0,0,2089,30,0,0,0,0,0,0,92,242,977,175,519,54,0
2013,경남,2898,567,264,303,651,560,91,0,0,0,0,0,1680,25,0,0,0,0,0,0,58,116,835,153,431,47,15
2014,경남,2379,487,209,278,476,397,79,0,0,0,0,0,1416,4,0,0,0,0,0,0,67,58,508,143,568,66,2
2015,경남,2246,491,190,301,399,320,79,0,0,0,0,0,1356,7,0,0,0,0,0,0,33,37,418,160,612,85,4
2016,경남,2263,440,175,265,342,269,73,0,0,0,0,0,1481,5,0,0,0,0,0,0,48,20,390,153,786,77,2
2017,경남,2361,537,211,326,358,272,86,0,0,0,0,0,1466,9,0,0,0,0,0,0,45,7,398,118,826,62,1
2018,경남,2305,581,238,343,374,292,82,0,0,0,0,0,1350,6,1,0,0,0,0,0,47,10,382,146,710,40,8
2019,경남,2299,588,223,365,410,322,88,0,0,0,0,0,1301,4,0,0,0,0,0,0,48,11,426,95,684,33,0
1999,제주,797,84,84,0,143,0,0,12,63,12,30,26,570,0,0,41,241,34,171,83,0,0,0,0,0,0,0
2000,제주,777,101,101,0,148,0,0,11,52,11,34,40,528,0,0,28,107,62,154,177,0,0,0,0,0,0,0
2001,제주,842,165,165,0,138,0,0,8,55,6,19,50,539,0,0,41,153,62,99,184,0,0,0,0,0,0,0
2002,제주,800,198,198,0,80,0,0,4,24,5,4,43,522,0,0,31,167,59,142,123,0,0,0,0,0,0,0
2003,제주,910,378,377,1,140,116,24,0,0,0,0,0,392,0,0,27,99,9,106,151,0,0,0,0,0,0,0
2004,제주,531,90,84,6,123,99,24,0,0,0,0,0,318,0,0,23,123,5,80,87,0,0,0,0,0,0,0
2005,제주,491,81,76,5,99,87,12,0,0,0,0,0,311,0,0,16,121,4,84,86,0,0,0,0,0,0,0
2006,제주,591,117,116,1,132,117,15,0,0,0,0,0,342,0,0,23,130,14,69,106,0,0,0,0,0,0,0
2007,제주,657,87,82,5,177,164,13,0,0,0,0,0,393,0,0,21,109,8,98,157,0,0,0,0,0,0,0
2008,제주,734,90,86,4,182,174,8,0,0,0,0,0,462,0,0,18,158,22,132,132,0,0,0,0,0,0,0
2009,제주,654,83,81,2,135,128,7,0,0,0,0,0,436,0,0,33,189,12,61,141,0,0,0,0,0,0,0
2010,제주,767,132,95,37,195,181,14,0,0,0,0,0,440,0,0,26,118,5,40,251,0,0,0,0,0,0,0
2011,제주,676,128,67,61,163,150,13,0,0,0,0,0,385,0,0,27,89,0,16,253,0,0,0,0,0,0,0
2012,제주,608,95,62,33,126,123,3,0,0,0,0,0,387,6,0,0,0,0,0,0,14,21,91,35,206,14,0
2013,제주,587,86,42,44,132,121,11,0,0,0,0,0,369,3,0,0,0,0,0,0,12,9,156,39,138,9,3
2014,제주,483,109,60,49,120,103,17,0,0,0,0,0,254,1,0,0,0,0,0,0,6,4,74,27,132,10,0
2015,제주,442,105,53,52,125,105,20,0,0,0,0,0,212,1,0,0,0,0,0,0,8,3,42,34,116,8,0
2016,제주,438,132,58,74,97,80,17,0,0,0,0,0,209,0,0,0,0,0,0,0,5,3,16,57,122,6,0
2017,제주,471,162,66,96,99,83,16,0,0,0,0,0,210,0,0,0,0,0,0,0,12,0,27,34,127,10,0
2018,제주,523,180,71,109,112,87,25,0,0,0,0,0,231,1,0,0,0,0,0,0,4,4,28,37,152,5,0
2019,제주,513,156,73,83,120,97,23,0,0,0,0,0,237,1,0,0,0,0,0,0,8,1,32,30,161,4,0
,,,,,,,,,,,,,,,,,,,,,,,,,,,,
,,,,,,,,,,,,,,,,,,,,,,,,,,,,
통계 도움말,,,,,,,,,,,,,,,,,,,,,,,,,,,,
1. 조사 기준일: 학년도 기준 (해당 연도 3월 ~ 차년도 2월),,,,,,,,,,,,,,,,,,,,,,,,,,,,
,,,,,,,,,,,,,,,,,,,,,,,,,,,,
2. 출처: 한국교육개발원 교육통계서비스(kess.kedi.re.kr),,,,,,,,,,,,,,,,,,,,,,,,,,,,
