학년도,시도,학업중단율,학업중단율,학업중단율,학업중단율,학업중단율,학업중단율,학업중단율,학업중단율,학업중단율,학업중단율,학업중단자,학업중단자,학업중단자,학업중단자,학업중단자,학업중단자,학업중단자,학업중단자,학업중단자,학업중단자,학생수,학생수,학생수,학생수,학생수,학생수,학생수,학생수,학생수,학생수
학년도,시도,계,초등학교,중학교,고등학교,고등학교,고등학교,고등학교,고등학교,고등학교,고등학교,계,초등학교,중학교,고등학교,고등학교,고등학교,고등학교,고등학교,고등학교,고등학교,계,초등학교,중학교,고등학교,고등학교,고등학교,고등학교,고등학교,고등학교,고등학교
학년도,시도,계,초등학교,중학교,계,인문계고,전문계고,일반고,특목고,특성화고,자율고,계,초등학교,중학교,계,일반계고,전문계고,일반고,특목고,특성화고,자율고,계,초등학교,중학교,계,인문계고,전문계고,일반고,특목고,특성화고,자율고
1999,전국,1,0.3,0.9,2.1,1.2,3.7,0,0,0,0,77795,12846,16997,47952,16203,31749,0,0,0,0,8083633,3935537,1896956,2251140,1399389,851751,0,0,0,0
2000,전국,1.1,0.4,1,2.5,1.4,4.4,0,0,0,0,85072,14734,18810,51528,18632,32896,0,0,0,0,7951998,4019991,1860539,2071468,1324482,746986,0,0,0,0
2001,전국,1.1,0.4,1.1,2.5,1.6,4.3,0,0,0,0,85431,18170,19606,47655,19919,27736,0,0,0,0,7831754,4089429,1831152,1911173,1259975,651198,0,0,0,0
2002,전국,0.9,0.5,0.9,2.1,1.4,3.7,0,0,0,0,72904,18956,15753,38195,16880,21315,0,0,0,0,7774905,4138366,1841030,1795509,1220146,575363,0,0,0,0
2003,전국,0.9,0.7,0.7,1.6,0.9,3.2,0,0,0,0,70962,30056,13276,27630,10485,17145,0,0,0,0,7796796,4175626,1854641,1766529,1224452,542077,0,0,0,0
2004,전국,0.7,0.4,0.7,1.4,0.8,2.8,0,0,0,0,54995,16793,14165,24037,9427,14610,0,0,0,0,7796298,4116195,1933543,1746560,1232010,514550,0,0,0,0
2005,전국,0.7,0.5,0.8,1.3,0.8,2.6,0,0,0,0,57148,18403,15669,23076,10166,12910,0,0,0,0,7796401,4022801,2010704,1762896,1259792,503104,0,0,0,0
2006,전국,0.9,0.6,0.9,1.6,1,3.1,0,0,0,0,70796,23898,18968,27930,12616,15314,0,0,0,0,7776211,3925043,2075311,1775857,1281508,494349,0,0,0,0
2007,전국,1,0.5,1,1.8,1.1,3.5,0,0,0,0,73494,20450,20101,32943,15477,17466,0,0,0,0,7734531,3829998,2063159,1841374,1347363,494011,0,0,0,0
2008,전국,0.9,0.5,1,1.8,1.1,3.8,0,0,0,0,71769,17644,19675,34450,16145,18305,0,0,0,0,7617796,3672207,2038611,1906978,1419486,487492,0,0,0,0
2009,전국,0.8,0.3,0.8,1.8,1.2,3.6,0,0,0,0,61910,11634,15736,34540,17419,17121,0,0,0,0,7447159,3474395,2006972,1965792,1484966,480826,0,0,0,0
2010,전국,1.1,0.6,1,2,0,0,0,0,0,0,76589,18836,18866,38887,0,0,21808,1268,14140,1671,7236248,3299094,1974798,1962356,1496227,466129,0,0,0,0
2011,전국,1.1,0.6,0.9,1.9,0,0,1.5,1.9,3.8,1.8,74365,19163,17811,37391,0,0,21198,1217,12926,2050,6986847,3132477,1910572,1943798,0,0,1425882,63727,340227,113962
2012,전국,1,0.6,0.9,1.8,0,0,1.5,1.7,3.4,1.3,68188,16828,16426,34934,0,0,20772,1114,11238,1810,6721176,2951995,1849094,1920087,0,0,1381130,64468,330797,143692
2013,전국,0.9,0.6,0.8,1.6,0,0,1.4,1.2,2.7,1,60568,15908,14278,30382,0,0,19224,804,8782,1572,6481492,2784000,1804189,1893303,0,0,1356070,67099,320374,149760
2014,전국,0.8,0.5,0.7,1.4,0,0,1.2,1.3,2.3,0.9,51906,14886,11702,25318,0,0,15951,894,7186,1287,6285792,2728509,1717911,1839372,0,0,1314073,66928,313449,144922
2015,전국,0.8,0.5,0.6,1.3,0,0,1.1,1.1,2.2,0.8,47070,14555,9961,22554,0,0,13946,765,6652,1191,6088827,2714610,1585951,1788266,0,0,1278008,67529,302021,140708
2016,전국,0.8,0.6,0.6,1.4,0,0,1.2,1.1,2.3,0.9,47663,14998,8924,23741,0,0,14924,753,6807,1257,5882790,2672843,1457490,1752457,0,0,1256108,67607,290632,138110
2017,전국,0.9,0.6,0.7,1.5,0,0,1.3,1.3,2.7,0.9,50057,16422,9129,24506,0,0,15069,866,7301,1270,5725260,2674227,1381334,1669699,0,0,1193562,67960,274281,133896
2018,전국,0.9,0.7,0.7,1.6,0,0,1.3,1.4,3.2,1.1,52539,17797,9764,24978,0,0,14677,915,8052,1334,5584249,2711385,1334288,1538576,0,0,1096331,66693,252260,123292
2019,전국,1,0.7,0.8,1.7,0,0,1.4,1.5,3.4,1.1,52261,18366,10001,23894,0,0,13791,961,7927,1215,5452805,2747219,1294559,1411027,0,0,1001756,65244,230098,113929
1999,서울,1.3,0.5,1.3,2.5,1.4,5.1,0,0,0,0,21323,3897,4951,12475,5160,7315,0,0,0,0,1646922,753606,390220,503096,358908,144188,0,0,0,0
2000,서울,1.5,0.6,1.6,2.9,1.8,6.1,0,0,0,0,23909,4632,5955,13322,6169,7153,0,0,0,0,1588116,759443,375605,453068,335684,117384,0,0,0,0
2001,서울,1.5,0.7,1.8,2.8,2,5.6,0,0,0,0,23126,5182,6389,11555,6287,5268,0,0,0,0,1537996,762967,364688,410341,316836,93505,0,0,0,0
2002,서울,1.3,0.7,1.4,2.4,1.7,4.7,0,0,0,0,19755,5622,5228,8905,5063,3842,0,0,0,0,1498641,759229,361244,378168,296570,81598,0,0,0,0
2003,서울,1,0.7,1.1,1.5,0.8,4.1,0,0,0,0,15150,5589,4021,5540,2398,3142,0,0,0,0,1485023,759010,359457,366556,289783,76773,0,0,0,0
2004,서울,0.9,0.6,1.1,1.4,0.8,4.1,0,0,0,0,13524,4200,4198,5126,2168,2958,0,0,0,0,1463418,736710,370551,356157,283748,72409,0,0,0,0
2005,서울,1,0.7,1.3,1.3,0.8,3.5,0,0,0,0,14353,4834,4937,4582,2167,2415,0,0,0,0,1443347,711136,379188,353023,283153,69870,0,0,0,0
2006,서울,1.2,1,1.5,1.5,0.9,3.8,0,0,0,0,17573,6639,5722,5212,2623,2589,0,0,0,0,1423300,689169,384977,349154,280429,68725,0,0,0,0
2007,서울,1.2,0.8,1.5,1.7,1.2,3.9,0,0,0,0,16723,5103,5563,6057,3416,2641,0,0,0,0,1396357,665227,375937,355193,288069,67124,0,0,0,0
2008,서울,1.2,0.8,1.5,1.6,1.1,3.8,0,0,0,0,16255,5132,5324,5799,3385,2414,0,0,0,0,1361007,633486,365579,361942,297663,64279,0,0,0,0
2009,서울,1,0.6,1.1,1.5,1.2,3.3,0,0,0,0,13381,3718,4048,5615,3606,2009,0,0,0,0,1322427,598514,355838,368075,306603,61472,0,0,0,0
2010,서울,1.5,1.2,1.4,2,0,0,0,0,0,0,18578,6542,4770,7266,0,0,4269,192,1881,924,1274028,566149,345413,362466,303609,58857,0,0,0,0
2011,서울,1.5,1.2,1.4,1.9,0,0,1.9,1.2,2.6,1.5,17924,6425,4653,6846,0,0,4440,176,1458,772,1219799,535948,330219,353632,0,0,233738,14208,55630,50056
2012,서울,1.4,1.1,1.3,1.9,0,0,1.9,1,2.4,1.2,16126,5671,4028,6427,0,0,4429,144,1265,589,1161632,502000,315241,344391,0,0,229293,13917,53500,47681
2013,서울,1.3,1.1,1.2,1.7,0,0,1.8,0.8,1.7,1.2,14134,4948,3561,5625,0,0,4100,119,866,540,1107766,469392,304251,334123,0,0,225493,14058,50768,43804
2014,서울,1.2,1,1,1.5,0,0,1.5,1,1.7,1.1,12384,4696,2981,4707,0,0,3291,139,829,448,1064741,457517,286826,320398,0,0,215311,13452,49692,41943
2015,서울,1.1,1,1,1.4,0,0,1.4,1.2,1.5,1.1,11144,4437,2532,4175,0,0,2824,150,749,452,1022447,450675,263466,308306,0,0,204931,12904,49110,41361
2016,서울,1.1,1,0.9,1.4,0,0,1.5,0.9,1.7,1.2,10950,4412,2228,4310,0,0,2912,123,809,466,975589,436121,239912,299556,0,0,198374,13166,47915,40101
2017,서울,1.2,1.1,1,1.6,0,0,1.6,1.2,2.3,1.2,11546,4686,2329,4531,0,0,2845,156,1057,473,938302,428333,227001,282968,0,0,183526,12813,46734,39895
2018,서울,1.3,1.1,1.1,1.8,0,0,1.7,1.3,2.9,1.3,11837,4792,2423,4622,0,0,2731,157,1259,475,900684,424800,216330,259554,0,0,165341,12477,43912,37824
2019,서울,1.4,1.2,1.2,1.8,0,0,1.6,1.5,3.2,1.4,11886,5154,2414,4318,0,0,2344,186,1308,480,866395,422293,207413,236689,0,0,148956,12342,41265,34126
1999,부산,0.9,0.4,0.8,1.7,0.8,2.9,0,0,0,0,5696,1055,1290,3351,933,2418,0,0,0,0,651386,294705,158297,198384,115870,82514,0,0,0,0
2000,부산,1,0.3,0.9,2.2,0.9,4.1,0,0,0,0,6028,843,1303,3882,911,2971,0,0,0,0,622967,294929,150783,177255,105364,71891,0,0,0,0
2001,부산,1,0.3,0.9,2.4,1.1,4.4,0,0,0,0,6072,1023,1280,3769,1055,2714,0,0,0,0,598108,293685,144935,159488,98042,61446,0,0,0,0
2002,부산,0.9,0.5,0.7,1.9,0.9,3.6,0,0,0,0,5156,1380,1028,2748,817,1931,0,0,0,0,581203,291342,143244,146617,93058,53559,0,0,0,0
2003,부산,0.9,0.7,0.5,1.6,0.6,3.3,0,0,0,0,4866,1975,705,2186,545,1641,0,0,0,0,570116,288174,141010,140932,91034,49898,0,0,0,0
2004,부산,0.7,0.5,0.5,1.3,0.5,2.8,0,0,0,0,3923,1387,761,1775,459,1316,0,0,0,0,559176,277769,144092,137315,90455,46860,0,0,0,0
2005,부산,0.6,0.4,0.5,1.2,0.6,2.5,0,0,0,0,3463,1060,765,1638,516,1122,0,0,0,0,548215,265083,146491,136641,91584,45057,0,0,0,0
2006,부산,0.8,0.4,0.8,1.5,0.7,3.2,0,0,0,0,4213,1035,1158,2020,629,1391,0,0,0,0,536281,252856,148618,134807,90907,43900,0,0,0,0
2007,부산,0.9,0.5,0.8,1.7,0.9,3.6,0,0,0,0,4713,1139,1199,2375,863,1512,0,0,0,0,524460,242193,144991,137276,94999,42277,0,0,0,0
2008,부산,0.9,0.4,0.8,1.8,0.8,4.4,0,0,0,0,4659,937,1176,2546,801,1745,0,0,0,0,506541,227494,139913,139134,99229,39905,0,0,0,0
2009,부산,0.8,0.2,0.8,1.7,0.9,3.9,0,0,0,0,3892,446,1033,2413,976,1437,0,0,0,0,486425,210826,134976,140623,103684,36939,0,0,0,0
2010,부산,0.9,0.3,0.8,1.9,0,0,0,0,0,0,4290,649,1089,2552,0,0,992,146,1318,96,463347,197397,129285,136665,102206,34459,0,0,0,0
2011,부산,1,0.4,0.9,2,0,0,1.1,1.8,4.8,1.2,4439,754,1104,2581,0,0,959,131,1372,119,438795,184983,121918,131894,0,0,85906,7484,28877,9627
2012,부산,1,0.4,0.9,1.9,0,0,1.2,1.3,4.3,1.1,4011,622,1012,2377,0,0,983,98,1162,134,413989,172069,114936,126984,0,0,79841,7778,27300,12065
2013,부산,0.9,0.4,0.8,1.6,0,0,1.2,1.3,3.3,0.6,3518,716,865,1937,0,0,896,101,866,74,393335,160821,110454,122060,0,0,75614,7700,26100,12646
2014,부산,0.8,0.4,0.6,1.4,0,0,1.1,1.1,2.8,0.5,2926,686,670,1570,0,0,760,86,662,62,375462,155754,104128,115580,0,0,72175,8166,23838,11401
2015,부산,0.7,0.4,0.6,1.4,0,0,0.9,1.2,3.2,0.6,2644,618,532,1494,0,0,606,92,734,62,359076,154283,95020,109773,0,0,68119,7853,22823,10978
2016,부산,0.7,0.5,0.6,1.2,0,0,0.9,0.9,2.4,0.7,2459,693,499,1267,0,0,599,68,530,70,343650,151207,86650,105793,0,0,65353,7718,21993,10729
2017,부산,0.8,0.5,0.6,1.4,0,0,1,1.3,3.1,0.6,2679,760,477,1442,0,0,637,99,644,62,331244,150863,80719,99662,0,0,61104,7607,20771,10180
2018,부산,0.9,0.5,0.7,1.7,0,0,1.2,1.5,3.8,0.8,2857,805,501,1551,0,0,674,111,692,74,320463,152775,77021,90667,0,0,55440,7476,18447,9304
2019,부산,0.8,0.5,0.7,1.6,0,0,1.1,1.5,3.6,0.7,2609,786,495,1328,0,0,562,102,604,60,311059,155589,73338,82132,0,0,50304,6872,16561,8395
1999,대구,0.6,0.2,0.6,1.3,0.7,2.4,0,0,0,0,2744,346,657,1741,578,1163,0,0,0,0,448751,212182,106595,129974,80994,48980,0,0,0,0
2000,대구,0.7,0.3,0.7,1.6,0.9,2.9,0,0,0,0,3166,586,699,1881,674,1207,0,0,0,0,439830,216465,105198,118167,76716,41451,0,0,0,0
2001,대구,0.7,0.3,0.7,1.7,1,3.1,0,0,0,0,3168,593,747,1828,767,1061,0,0,0,0,431703,220063,103813,107827,73112,34715,0,0,0,0
2002,대구,0.6,0.3,0.5,1.5,1,2.7,0,0,0,0,2650,600,552,1498,709,789,0,0,0,0,427769,221083,105561,101125,71435,29690,0,0,0,0
2003,대구,0.7,0.7,0.4,1.1,0.7,2.3,0,0,0,0,3073,1522,409,1142,496,646,0,0,0,0,430318,223849,106094,100375,72694,27681,0,0,0,0
2004,대구,0.4,0.2,0.4,0.9,0.5,2.1,0,0,0,0,1883,484,462,937,408,529,0,0,0,0,430862,220612,110385,99865,74566,25299,0,0,0,0
2005,대구,0.5,0.3,0.5,0.9,0.6,1.8,0,0,0,0,2192,683,568,941,495,446,0,0,0,0,427666,213212,112661,101793,77245,24548,0,0,0,0
2006,대구,0.6,0.4,0.6,1.2,0.8,2.6,0,0,0,0,2728,824,691,1213,593,620,0,0,0,0,423081,205658,115325,102098,78017,24081,0,0,0,0
2007,대구,0.7,0.4,0.7,1.4,0.9,3.3,0,0,0,0,3002,705,784,1513,704,809,0,0,0,0,418829,199471,113962,105396,81133,24263,0,0,0,0
2008,대구,0.7,0.3,0.6,1.4,0.8,3.6,0,0,0,0,2746,512,721,1513,644,869,0,0,0,0,409920,189585,112708,107627,83399,24228,0,0,0,0
2009,대구,0.6,0.2,0.5,1.3,0.7,3.6,0,0,0,0,2379,340,577,1462,614,848,0,0,0,0,398723,178029,110449,110245,86544,23701,0,0,0,0
2010,대구,0.7,0.4,0.6,1.4,0,0,0,0,0,0,2834,628,689,1517,0,0,631,58,698,130,384930,167548,108082,109300,86514,22786,0,0,0,0
2011,대구,0.8,0.4,0.6,1.6,0,0,0.9,2.1,4.2,1.3,2931,601,615,1715,0,0,638,76,798,203,368376,157693,102493,108190,0,0,70489,3556,18850,15295
2012,대구,0.8,0.3,0.6,1.5,0,0,0.9,1.9,4.2,0.8,2683,479,576,1628,0,0,590,63,821,154,351183,146899,98316,105968,0,0,63517,3329,19760,19362
2013,대구,0.7,0.4,0.5,1.4,0,0,0.8,1.6,3.4,0.9,2379,478,496,1405,0,0,517,56,658,174,334369,136309,94394,103666,0,0,62136,3409,19114,19007
2014,대구,0.6,0.3,0.4,1.2,0,0,0.7,3,3,0.6,1950,394,374,1182,0,0,408,102,556,116,319972,131765,89291,98916,0,0,59025,3394,18336,18161
2015,대구,0.6,0.3,0.4,1.2,0,0,0.6,1.9,3.3,0.6,1750,358,293,1099,0,0,366,75,553,105,305764,129583,80982,95199,0,0,56869,3964,16894,17472
2016,대구,0.7,0.4,0.4,1.4,0,0,0.8,2.5,3.8,0.6,1994,465,273,1256,0,0,436,99,619,102,291370,125541,73925,91904,0,0,54753,3963,16261,16927
2017,대구,0.7,0.4,0.4,1.3,0,0,0.8,2,3.5,0.7,1948,493,292,1163,0,0,437,89,523,114,280265,124708,68893,86664,0,0,51583,4464,14738,15879
2018,대구,0.7,0.4,0.5,1.4,0,0,1,2,3.4,0.7,1936,530,311,1095,0,0,453,85,458,99,269570,125160,66165,78245,0,0,47038,4327,13462,13418
2019,대구,0.7,0.4,0.6,1.5,0,0,1,2.2,3.5,1,1933,535,351,1047,0,0,409,91,431,116,259606,126122,62539,70945,0,0,42377,4150,12280,12138
1999,인천,0.9,0.3,0.9,2,0.8,3.8,0,0,0,0,3914,683,941,2290,524,1766,0,0,0,0,460440,240782,105634,114024,68128,45896,0,0,0,0
2000,인천,1,0.3,0.9,2.6,1,5,0,0,0,0,4440,696,982,2762,706,2056,0,0,0,0,459449,245716,105546,108187,67455,40732,0,0,0,0
2001,인천,1,0.4,1,2.3,1.1,4.3,0,0,0,0,4373,999,1014,2360,737,1623,0,0,0,0,459966,250264,106012,103690,66138,37552,0,0,0,0
2002,인천,0.8,0.4,0.8,1.9,1,3.8,0,0,0,0,3655,906,827,1922,658,1264,0,0,0,0,457562,250477,107810,99275,66210,33065,0,0,0,0
2003,인천,0.9,0.8,0.5,1.4,0.8,2.9,0,0,0,0,3968,1980,555,1433,526,907,0,0,0,0,455572,247046,109493,99033,67723,31310,0,0,0,0
2004,인천,0.6,0.4,0.7,1.2,0.8,2.2,0,0,0,0,2921,855,856,1210,569,641,0,0,0,0,451730,238650,114670,98410,69291,29119,0,0,0,0
2005,인천,0.7,0.5,0.8,1.3,0.9,2.2,0,0,0,0,3229,1041,933,1255,643,612,0,0,0,0,449663,230067,119834,99762,71397,28365,0,0,0,0
2006,인천,0.8,0.6,0.8,1.4,0.9,2.8,0,0,0,0,3676,1300,926,1450,667,783,0,0,0,0,447177,222154,123135,101888,73911,27977,0,0,0,0
2007,인천,0.9,0.4,0.9,1.8,1.3,3.5,0,0,0,0,4043,966,1107,1970,989,981,0,0,0,0,443036,214671,121864,106501,78812,27689,0,0,0,0
2008,인천,1,0.4,1.1,1.8,1.2,3.8,0,0,0,0,4153,856,1252,2045,1057,988,0,0,0,0,436177,205781,118916,111480,85202,26278,0,0,0,0
2009,인천,0.9,0.3,0.8,1.8,1.4,3.5,0,0,0,0,3664,579,974,2111,1204,907,0,0,0,0,422790,193210,115198,114382,88745,25637,0,0,0,0
2010,인천,1,0.5,1,1.9,0,0,0,0,0,0,4180,843,1138,2199,0,0,1252,80,858,9,408650,183261,112142,113247,88776,24471,0,0,0,0
2011,인천,1,0.5,1,1.8,0,0,1.4,1.4,2.9,7.6,3810,812,1058,1940,0,0,1132,47,667,94,391241,173598,107234,110409,0,0,83164,3370,22642,1233
2012,인천,0.9,0.4,0.9,1.6,0,0,1.4,1.7,2.3,1.9,3328,720,890,1718,0,0,1083,63,486,86,376113,164928,103593,107592,0,0,78054,3708,21356,4474
2013,인천,0.8,0.5,0.7,1.5,0,0,1.3,0.8,2.3,1.4,3035,724,743,1568,0,0,962,35,494,77,364004,157918,100776,105310,0,0,74064,4247,21308,5691
2014,인천,0.7,0.4,0.6,1.3,0,0,1,0.9,2.3,1.1,2485,620,559,1306,0,0,725,36,487,58,354743,156740,96490,101513,0,0,70605,3965,21433,5510
2015,인천,0.7,0.5,0.5,1.1,0,0,0.8,0.9,2.1,0.8,2266,709,481,1076,0,0,542,35,456,43,345200,157099,89337,98764,0,0,67867,3767,21527,5603
2016,인천,0.7,0.4,0.6,1.3,0,0,0.9,0.9,2.6,0.9,2346,636,476,1234,0,0,606,35,538,55,335022,155590,82893,96539,0,0,66037,3860,20841,5801
2017,인천,0.7,0.5,0.7,1.3,0,0,1,0.9,2.3,0.8,2441,737,516,1188,0,0,648,36,456,48,327491,156470,78826,92195,0,0,62937,3902,19577,5779
2018,인천,0.8,0.5,0.7,1.6,0,0,1.2,0.8,3.2,0.9,2701,811,566,1324,0,0,680,32,561,51,320352,158871,76565,84916,0,0,57704,3916,17788,5508
2019,인천,0.9,0.6,0.7,1.6,0,0,1.2,1.1,3.2,1,2690,932,523,1235,0,0,638,41,503,53,313712,160853,74458,78401,0,0,53294,3865,15904,5338
1999,광주,1,0.2,0.9,2.3,1,4.9,0,0,0,0,2548,239,564,1745,528,1217,0,0,0,0,257298,121810,60140,75348,50671,24677,0,0,0,0
2000,광주,1,0.3,0.9,2.4,1.5,4.5,0,0,0,0,2668,434,553,1681,689,992,0,0,0,0,254330,126820,58783,68727,46736,21991,0,0,0,0
2001,광주,0.9,0.3,1,2.1,1.5,3.5,0,0,0,0,2262,339,604,1319,648,671,0,0,0,0,252501,131416,58350,62735,43398,19337,0,0,0,0
2002,광주,0.8,0.3,0.7,2,1.4,3.6,0,0,0,0,1992,412,402,1178,569,609,0,0,0,0,253850,135584,59823,58443,41347,17096,0,0,0,0
2003,광주,0.8,0.5,0.5,1.7,1,3.7,0,0,0,0,2019,704,329,986,403,583,0,0,0,0,257353,138644,61201,57508,41613,15895,0,0,0,0
2004,광주,0.6,0.3,0.5,1.5,1,3.1,0,0,0,0,1606,369,355,882,416,466,0,0,0,0,260297,138670,64660,56967,41740,15227,0,0,0,0
2005,광주,0.6,0.2,0.6,1.4,0.8,2.9,0,0,0,0,1476,285,397,794,346,448,0,0,0,0,262302,136309,67938,58055,42843,15212,0,0,0,0
2006,광주,0.7,0.3,0.7,1.7,1.2,3.1,0,0,0,0,1929,458,480,991,512,479,0,0,0,0,263815,134192,70639,58984,43691,15293,0,0,0,0
2007,광주,0.8,0.3,0.7,2.1,1.3,4.5,0,0,0,0,2246,446,496,1304,599,705,0,0,0,0,265398,132619,71033,61746,46071,15675,0,0,0,0
2008,광주,0.8,0.3,0.7,2.1,1.2,4.9,0,0,0,0,2199,323,506,1370,608,762,0,0,0,0,263209,127758,71092,64359,48714,15645,0,0,0,0
2009,광주,0.8,0.2,0.6,2,1.2,4.7,0,0,0,0,2062,271,418,1373,642,731,0,0,0,0,259150,121590,70471,67089,51470,15619,0,0,0,0
2010,광주,0.9,0.4,0.7,2.1,0,0,0,0,0,0,2335,420,483,1432,0,0,840,61,454,77,253929,115827,70352,67750,52706,15044,0,0,0,0
2011,광주,0.9,0.4,0.7,1.9,0,0,1.7,3.7,3,1,2173,387,484,1302,0,0,846,50,350,56,246570,109760,68761,68049,0,0,49427,1368,11590,5664
2012,광주,0.8,0.3,0.6,1.7,0,0,1.5,2.1,2.9,1.1,1918,332,433,1153,0,0,743,25,328,57,237425,102912,66937,67576,0,0,49742,1212,11429,5193
2013,광주,0.8,0.3,0.5,1.6,0,0,1.4,1.6,2.6,1.2,1729,310,349,1070,0,0,713,19,289,49,228553,96055,65124,67374,0,0,50868,1167,11156,4183
2014,광주,0.7,0.2,0.5,1.4,0,0,1.3,2.1,1.8,0.7,1437,232,297,908,0,0,667,25,186,30,220481,93163,61682,65636,0,0,49768,1175,10507,4186
2015,광주,0.7,0.3,0.5,1.3,0,0,1.2,1.1,2,1,1386,292,274,820,0,0,578,13,195,34,212362,91862,56563,63937,0,0,49446,1191,9967,3333
2016,광주,0.7,0.4,0.5,1.3,0,0,1.2,3.1,1.6,1.1,1449,398,235,816,0,0,590,40,148,38,202963,89095,51511,62357,0,0,48373,1271,9354,3359
2017,광주,0.7,0.4,0.5,1.4,0,0,1.3,0.7,2.1,0.6,1405,346,239,820,0,0,614,12,174,20,195065,88189,47900,58976,0,0,45728,1671,8290,3287
2018,광주,0.7,0.5,0.5,1.4,0,0,1.2,1,2.7,0.8,1390,407,214,769,0,0,526,15,208,20,187950,88622,45437,53891,0,0,42365,1550,7621,2355
2019,광주,0.8,0.5,0.4,1.5,0,0,1.1,0.6,4.1,0.8,1388,458,189,741,0,0,425,9,290,17,181106,88990,43068,49048,0,0,38396,1435,7037,2180
1999,대전,1,0.3,1,2.1,1.1,4.1,0,0,0,0,2454,370,580,1504,550,954,0,0,0,0,255503,122977,60832,71694,48254,23440,0,0,0,0
2000,대전,1.2,0.4,1.1,2.6,1.5,5.1,0,0,0,0,2956,521,684,1751,710,1041,0,0,0,0,252200,125748,60020,66432,46093,20339,0,0,0,0
2001,대전,1.1,0.4,1.2,2.7,1.8,4.8,0,0,0,0,2866,517,708,1641,771,870,0,0,0,0,249986,128927,59423,61636,43567,18069,0,0,0,0
2002,대전,1,0.4,1,2.4,1.8,3.9,0,0,0,0,2535,570,581,1384,759,625,0,0,0,0,249550,130998,59748,58804,42761,16043,0,0,0,0
2003,대전,0.9,0.6,0.7,1.8,1.1,4,0,0,0,0,2245,791,401,1053,457,596,0,0,0,0,250960,132735,60236,57989,43105,14884,0,0,0,0
2004,대전,0.8,0.5,0.8,1.4,0.9,2.9,0,0,0,0,1965,645,525,795,389,406,0,0,0,0,252560,131906,63037,57617,43665,13952,0,0,0,0
2005,대전,0.7,0.5,0.7,1.4,1,2.5,0,0,0,0,1863,607,448,808,459,349,0,0,0,0,253631,129952,65474,58205,44510,13695,0,0,0,0
2006,대전,1,0.7,0.8,1.7,1.4,2.6,0,0,0,0,2413,906,528,979,635,344,0,0,0,0,253761,127601,67542,58618,45426,13192,0,0,0,0
2007,대전,1,0.6,1,2,1.5,3.9,0,0,0,0,2582,715,651,1216,712,504,0,0,0,0,254037,125583,67626,60828,48032,12796,0,0,0,0
2008,대전,0.9,0.5,0.9,1.9,1.2,4.8,0,0,0,0,2347,561,576,1210,624,586,0,0,0,0,251350,120881,67431,63038,50889,12149,0,0,0,0
2009,대전,0.9,0.3,0.7,1.9,1.2,5.1,0,0,0,0,2105,372,499,1234,638,596,0,0,0,0,246477,114621,66925,64931,53201,11730,0,0,0,0
2010,대전,1.2,0.6,0.9,2.5,0,0,0,0,0,0,2845,662,586,1597,0,0,697,86,746,68,239711,109013,65904,64794,53455,11339,0,0,0,0
2011,대전,1.2,0.7,0.9,2.5,0,0,1.5,1.9,6.6,2.7,2853,688,590,1575,0,0,690,54,675,156,231775,103852,63791,64132,0,0,45192,2790,10276,5874
2012,대전,1.1,0.6,1,2.1,0,0,1.5,1.8,4.8,1.4,2554,615,633,1306,0,0,633,46,495,132,223759,98665,61598,63496,0,0,41324,2508,10358,9306
2013,대전,1.1,0.8,0.9,1.6,0,0,1.2,1.6,3.8,0.8,2279,746,538,995,0,0,482,39,392,82,216207,93398,59997,62812,0,0,40038,2481,10429,9864
2014,대전,0.9,0.7,0.8,1.3,0,0,1,3,2.8,0.7,1931,670,441,820,0,0,382,89,286,63,209373,91599,56765,61009,0,0,38848,3010,10272,8879
2015,대전,0.8,0.6,0.6,1.3,0,0,0.9,1,3.5,0.8,1580,529,305,746,0,0,326,31,324,65,200277,89464,52215,58598,0,0,37402,3203,9363,8630
2016,대전,0.9,0.7,0.7,1.3,0,0,0.8,1.2,3.6,0.9,1657,608,322,727,0,0,293,37,323,74,190672,85939,47646,57087,0,0,36968,3052,9098,7969
2017,대전,0.9,0.7,0.6,1.4,0,0,0.9,1.5,3.5,1,1592,555,288,749,0,0,322,46,300,81,182971,84240,44961,53770,0,0,34238,3035,8570,7927
2018,대전,0.9,0.7,0.7,1.6,0,0,1.1,1.9,3.6,1.2,1632,553,304,775,0,0,344,58,281,92,175460,83453,42675,49332,0,0,30905,3052,7815,7560
2019,대전,0.9,0.7,0.7,1.7,0,0,1.2,1.9,4.3,0.8,1597,575,275,747,0,0,339,56,291,61,168370,82743,40732,44895,0,0,27866,2973,6823,7233
1999,울산,0.8,0.2,0.7,2,1.1,3.7,0,0,0,0,1520,215,295,1010,345,665,0,0,0,0,198430,103341,45365,49724,31571,18153,0,0,0,0
2000,울산,0.9,0.3,0.7,2.3,1,4.6,0,0,0,0,1760,366,326,1068,313,755,0,0,0,0,198952,106554,45333,47065,30547,16518,0,0,0,0
2001,울산,0.9,0.2,0.7,2.6,1.2,5.4,0,0,0,0,1697,255,296,1146,344,802,0,0,0,0,199209,108886,45515,44808,29850,14958,0,0,0,0
2002,울산,0.7,0.3,0.6,1.9,1,3.9,0,0,0,0,1431,362,272,797,283,514,0,0,0,0,200552,110777,47075,42700,29625,13075,0,0,0,0
2003,울산,0.7,0.6,0.5,1.5,0.6,3.7,0,0,0,0,1470,616,230,624,172,452,0,0,0,0,202983,111909,48238,42836,30506,12330,0,0,0,0
2004,울산,0.5,0.4,0.4,1.1,0.4,2.8,0,0,0,0,1089,404,220,465,139,326,0,0,0,0,204449,110133,51200,43116,31632,11484,0,0,0,0
2005,울산,0.5,0.4,0.4,1.1,0.5,2.9,0,0,0,0,1109,381,240,488,154,334,0,0,0,0,205370,107058,53448,44864,33361,11503,0,0,0,0
2006,울산,0.7,0.5,0.5,1.5,0.8,3.7,0,0,0,0,1454,489,270,695,278,417,0,0,0,0,204765,103265,55657,45843,34642,11201,0,0,0,0
2007,울산,0.7,0.5,0.6,1.4,0.6,3.8,0,0,0,0,1506,495,353,658,239,419,0,0,0,0,203086,99281,55201,48604,37444,11160,0,0,0,0
2008,울산,0.8,0.4,0.6,1.6,0.7,5.1,0,0,0,0,1521,367,325,829,267,562,0,0,0,0,199573,94111,54737,50725,39631,11094,0,0,0,0
2009,울산,0.7,0.2,0.6,1.5,0.6,4.6,0,0,0,0,1268,180,320,768,260,508,0,0,0,0,193982,87693,53625,52664,41575,11089,0,0,0,0
2010,울산,0.9,0.4,0.8,1.8,0,0,0,0,0,0,1642,296,394,952,0,0,359,33,545,15,186315,81678,52213,52424,41560,10864,0,0,0,0
2011,울산,0.9,0.4,0.7,1.8,0,0,1,4.1,4.5,0.8,1588,321,351,916,0,0,390,57,449,20,178473,76596,49934,51943,0,0,38010,1374,10022,2537
2012,울산,0.8,0.4,0.7,1.6,0,0,1,2,4,0.8,1422,262,351,809,0,0,385,43,362,19,170293,71544,47785,50964,0,0,37460,2161,9001,2342
2013,울산,0.8,0.3,0.6,1.4,0,0,1,1.4,3.6,0.5,1236,230,294,712,0,0,363,27,309,13,162879,67156,45860,49863,0,0,37005,1935,8494,2429
2014,울산,0.6,0.3,0.5,1,0,0,0.7,1.7,2.3,0.8,922,223,203,496,0,0,243,30,202,21,156837,65810,43150,47877,0,0,34748,1773,8705,2651
2015,울산,0.5,0.3,0.5,0.8,0,0,0.6,0.9,1.8,0.3,758,219,184,355,0,0,185,23,138,9,151314,66134,39040,46140,0,0,32796,2659,7706,2979
2016,울산,0.5,0.3,0.4,0.9,0,0,0.7,0.5,2.2,0.7,772,216,149,407,0,0,207,12,167,21,145530,65629,35343,44558,0,0,31535,2499,7504,3020
2017,울산,0.5,0.4,0.4,0.9,0,0,0.7,1,2,0.5,751,244,131,376,0,0,194,23,145,14,140877,66016,32931,41930,0,0,29529,2207,7190,3004
2018,울산,0.6,0.4,0.4,1.1,0,0,0.8,0.9,2.5,0.9,802,241,140,421,0,0,218,20,165,18,136883,67290,31906,37687,0,0,27018,2171,6472,2026
2019,울산,0.6,0.4,0.4,1,0,0,0.7,0.6,2.3,0.7,735,271,139,325,0,0,169,13,130,13,133313,68512,30935,33866,0,0,24246,2163,5555,1902
2012,세종,0,0,0,0,0,0,0,0,0,0,101,3,22,76,0,0,38,0,32,6,,,,,,,,,,
2013,세종,0.9,0.6,0.9,1.6,0,0,1.3,1.9,2,2.3,131,40,35,56,0,0,29,2,15,10,14415,7090,3797,3528,0,0,2227,103,756,442
2014,세종,1.1,0.7,0.9,2,0,0,1.9,2,2.5,1.9,171,56,37,78,0,0,48,4,15,11,16084,8057,4156,3871,0,0,2485,203,610,573
2015,세종,1,0.8,0.8,1.8,0,0,1.9,1.5,1.1,1.8,242,103,48,91,0,0,69,6,5,11,24366,13353,5901,5112,0,0,3657,395,457,603
2016,세종,1,0.8,0.7,1.6,0,0,1.5,1,3.5,1.3,306,151,52,103,0,0,74,5,16,8,31817,17910,7444,6463,0,0,4924,486,453,600
2017,세종,1.2,1.1,0.8,1.7,0,0,1.7,0.9,3.6,1.3,430,230,71,129,0,0,101,5,15,8,37005,20764,8602,7639,0,0,6025,580,421,613
2018,세종,1.3,1.2,1,1.9,0,0,1.9,1.2,3.7,1.6,555,291,97,167,0,0,134,8,15,10,43509,24865,10070,8574,0,0,6896,659,401,618
2019,세종,1.5,1.5,1,2.4,0,0,2.2,0.9,11.3,1.8,748,408,114,226,0,0,167,7,41,11,48569,27892,11202,9475,0,0,7744,742,363,626
1999,경기,0.9,0.4,0.9,2.1,1.4,3.2,0,0,0,0,13624,3288,3101,7235,2978,4257,0,0,0,0,1551386,849914,349750,351722,217154,134568,0,0,0,0
2000,경기,1,0.4,1,2.5,1.6,3.9,0,0,0,0,15746,3591,3769,8386,3451,4935,0,0,0,0,1590252,889034,359220,341998,216132,125866,0,0,0,0
2001,경기,1.1,0.6,1.2,2.5,1.8,3.7,0,0,0,0,17689,5091,4245,8353,4001,4352,0,0,0,0,1626130,924142,367867,334121,216482,117639,0,0,0,0
2002,경기,0.9,0.5,0.9,2.1,1.6,3,0,0,0,0,15313,5049,3485,6779,3489,3290,0,0,0,0,1670955,956758,384591,329606,219082,110524,0,0,0,0
2003,경기,1,0.9,0.8,1.4,0.9,2.5,0,0,0,0,16931,8977,3097,4857,2084,2773,0,0,0,0,1726492,983887,402500,340105,230383,109722,0,0,0,0
2004,경기,0.8,0.5,0.8,1.3,0.8,2.6,0,0,0,0,13304,5097,3544,4663,1855,2808,0,0,0,0,1771486,986056,433314,352116,242160,109956,0,0,0,0
2005,경기,0.8,0.6,0.9,1.3,0.9,2.3,0,0,0,0,15065,6182,4057,4826,2232,2594,0,0,0,0,1812851,979630,463457,369764,257673,112091,0,0,0,0
2006,경기,1.1,0.9,1.1,1.7,1.1,3.1,0,0,0,0,20338,8442,5351,6545,3086,3459,0,0,0,0,1839165,966347,487357,385461,272722,112739,0,0,0,0
2007,경기,1.1,0.8,1.2,1.9,1.3,3.5,0,0,0,0,21272,7327,6045,7900,3938,3962,0,0,0,0,1853188,951908,489548,411732,296918,114814,0,0,0,0
2008,경기,1.1,0.7,1.2,2,1.4,3.6,0,0,0,0,20430,6116,5781,8533,4372,4161,0,0,0,0,1845424,920586,488203,436635,320890,115745,0,0,0,0
2009,경기,0.9,0.4,0.9,1.9,1.4,3.5,0,0,0,0,17059,3798,4373,8888,4876,4012,0,0,0,0,1821694,880141,484656,456897,341214,115683,0,0,0,0
2010,경기,1.2,0.7,1.1,2.2,0,0,0,0,0,0,21551,6101,5391,10059,0,0,6677,200,2998,184,1791766,848135,482170,461461,350929,110532,0,0,0,0
2011,경기,1.2,0.8,1.1,2,0,0,1.6,1.5,3.9,2.8,20341,6124,5042,9175,0,0,6132,206,2625,212,1750261,814927,472878,462456,0,0,373241,13759,67979,7477
2012,경기,1.2,0.7,1.1,2,0,0,1.7,1.1,3.7,1.5,19602,5627,4917,9058,0,0,6318,151,2422,167,1701253,775163,463600,462490,0,0,372602,13575,65290,11023
2013,경기,1.1,0.7,0.9,1.7,0,0,1.6,0.8,2.6,1.4,17587,5327,4317,7943,0,0,6029,110,1636,168,1658419,739619,458220,460580,0,0,372216,13316,62920,12128
2014,경기,1,0.7,0.8,1.5,0,0,1.4,0.9,2,1.1,15463,5045,3650,6768,0,0,5261,122,1242,143,1624893,732307,439888,452698,0,0,366220,12843,61166,12469
2015,경기,0.9,0.7,0.8,1.3,0,0,1.3,0.9,1.9,0.8,14143,5083,3175,5885,0,0,4571,110,1107,97,1587723,733359,409810,444554,0,0,361396,12494,58514,12150
2016,경기,0.9,0.7,0.8,1.4,0,0,1.4,0.9,2,0.8,14330,5104,2860,6366,0,0,5065,108,1097,96,1548781,727380,381082,440319,0,0,360835,12333,55415,11736
2017,경기,1,0.8,0.8,1.6,0,0,1.5,1,2.6,1,15576,5650,2974,6952,0,0,5360,119,1357,116,1523636,733941,366856,422839,0,0,346518,12276,52719,11326
2018,경기,1.1,0.9,0.9,1.8,0,0,1.6,1.3,3.1,1.4,16806,6528,3280,6998,0,0,5181,153,1515,149,1503945,752499,358438,393008,0,0,320852,12017,49227,10912
2019,경기,1.1,0.8,1,1.9,0,0,1.7,1.6,3.2,1.3,16773,6422,3432,6919,0,0,5127,186,1472,134,1486944,769744,353032,364168,0,0,296310,11844,45536,10478
1999,강원,1,0.3,0.9,2.3,1.1,3.3,0,0,0,0,2626,344,551,1731,389,1342,0,0,0,0,260785,121717,62844,76224,36067,40157,0,0,0,0
2000,강원,1.1,0.3,0.9,2.6,1.3,3.7,0,0,0,0,2733,372,569,1792,447,1345,0,0,0,0,252800,122613,61002,69185,33265,35920,0,0,0,0
2001,강원,1.1,0.4,0.9,2.5,1.5,3.6,0,0,0,0,2663,518,544,1601,461,1140,0,0,0,0,245157,123102,59026,63029,30976,32053,0,0,0,0
2002,강원,0.9,0.3,0.7,2.5,1.4,3.5,0,0,0,0,2201,349,403,1449,417,1032,0,0,0,0,240597,124112,57806,58679,29396,29283,0,0,0,0
2003,강원,0.9,0.6,0.7,1.8,1,2.6,0,0,0,0,2130,714,415,1001,277,724,0,0,0,0,237813,124305,56816,56692,28758,27934,0,0,0,0
2004,강원,0.7,0.4,0.6,1.7,0.9,2.4,0,0,0,0,1721,436,370,915,267,648,0,0,0,0,235186,122661,57523,55002,28294,26708,0,0,0,0
2005,강원,0.7,0.4,0.7,1.5,0.9,2.2,0,0,0,0,1730,491,406,833,267,566,0,0,0,0,233426,120102,58972,54352,28586,25766,0,0,0,0
2006,강원,0.8,0.4,0.8,1.6,1,2.4,0,0,0,0,1849,483,491,875,288,587,0,0,0,0,231092,117025,60318,53749,28903,24846,0,0,0,0
2007,강원,0.8,0.4,0.7,1.9,1,2.9,0,0,0,0,1906,427,445,1034,308,726,0,0,0,0,229311,114973,59834,54504,29849,24655,0,0,0,0
2008,강원,0.9,0.3,0.8,2.1,1.1,3.3,0,0,0,0,2038,376,497,1165,339,826,0,0,0,0,225411,110747,59168,55496,30638,24858,0,0,0,0
2009,강원,0.8,0.2,0.7,2,1.1,3.2,0,0,0,0,1780,244,394,1142,367,775,0,0,0,0,220768,105480,58605,56683,32476,24207,0,0,0,0
2010,강원,1,0.3,0.9,2.3,0,0,0,0,0,0,2104,314,497,1293,0,0,661,62,562,8,214916,99797,58408,56711,32945,23766,0,0,0,0
2011,강원,1,0.4,0.8,2.2,0,0,1.3,3.3,6.1,1.1,2029,362,448,1219,0,0,584,48,582,5,208283,94442,57321,56520,0,0,44978,1476,9598,468
2012,강원,1,0.3,0.8,2.2,0,0,1.3,3,6.3,1.5,1981,294,428,1259,0,0,601,45,606,7,201546,88865,56162,56519,0,0,44892,1492,9663,472
2013,강원,0.8,0.3,0.5,1.8,0,0,1.2,1.3,4.9,1.5,1635,289,299,1047,0,0,541,22,477,7,194543,83187,54755,56601,0,0,44774,1698,9665,464
2014,강원,0.7,0.4,0.5,1.4,0,0,0.9,1,3.9,0.2,1379,297,278,804,0,0,406,17,380,1,188408,80458,51976,55974,0,0,44139,1635,9745,455
2015,강원,0.7,0.3,0.5,1.4,0,0,0.9,0.4,3.6,1.3,1246,239,253,754,0,0,398,7,343,6,181323,78414,48073,54836,0,0,43264,1632,9485,455
2016,강원,0.7,0.4,0.5,1.5,0,0,1,0.7,3.7,0.7,1306,308,216,782,0,0,427,11,341,3,174287,76772,43999,53516,0,0,42218,1647,9190,461
2017,강원,0.8,0.5,0.5,1.6,0,0,1.1,0.6,4,2,1414,396,201,817,0,0,453,9,346,9,167595,75722,41274,50599,0,0,39921,1622,8603,453
2018,강원,0.9,0.4,0.6,1.8,0,0,1.2,1,4.9,1.1,1398,324,217,857,0,0,442,16,394,5,161530,75412,39391,46727,0,0,36712,1554,8008,453
2019,강원,0.9,0.4,0.6,1.9,0,0,1.3,1.2,5.1,0.9,1353,318,227,808,0,0,427,19,358,4,155888,75617,37701,42570,0,0,33508,1539,7065,458
1999,충북,0.9,0.3,0.8,2,1,3.2,0,0,0,0,2287,344,524,1419,365,1054,0,0,0,0,255089,121976,62116,70997,38018,32979,0,0,0,0
2000,충북,0.9,0.3,0.8,2.1,1,3.4,0,0,0,0,2184,311,463,1410,377,1033,0,0,0,0,250666,124176,60603,65887,35921,29966,0,0,0,0
2001,충북,0.9,0.3,0.9,2.3,1.4,3.5,0,0,0,0,2312,403,504,1405,461,944,0,0,0,0,246124,126177,58828,61119,34038,27081,0,0,0,0
2002,충북,0.9,0.3,0.7,2.1,1.3,3.3,0,0,0,0,2082,430,415,1237,443,794,0,0,0,0,243817,128201,57591,58025,33878,24147,0,0,0,0
2003,충북,1,0.8,0.7,1.8,1.2,2.8,0,0,0,0,2402,986,410,1006,400,606,0,0,0,0,243019,129175,57150,56694,34748,21946,0,0,0,0
2004,충북,0.6,0.3,0.6,1.5,0.9,2.4,0,0,0,0,1516,386,327,803,323,480,0,0,0,0,243004,128904,58853,55247,35504,19743,0,0,0,0
2005,충북,0.6,0.3,0.5,1.4,0.9,2.4,0,0,0,0,1449,362,322,765,308,457,0,0,0,0,242532,126588,61447,54497,35528,18969,0,0,0,0
2006,충북,0.7,0.3,0.8,1.6,0.9,2.9,0,0,0,0,1724,343,517,864,331,533,0,0,0,0,241263,122986,63839,54438,35757,18681,0,0,0,0
2007,충북,0.7,0.3,0.7,1.8,1,3.3,0,0,0,0,1780,322,452,1006,383,623,0,0,0,0,241362,120998,64291,56073,37308,18765,0,0,0,0
2008,충북,0.8,0.3,0.7,1.9,1.2,3.2,0,0,0,0,1882,335,447,1100,487,613,0,0,0,0,239370,116711,64261,58398,39492,18906,0,0,0,0
2009,충북,0.7,0.2,0.6,1.8,1.2,3.2,0,0,0,0,1667,212,365,1090,480,610,0,0,0,0,234871,110757,63516,60598,41387,19211,0,0,0,0
2010,충북,0.8,0.3,0.8,1.8,0,0,0,0,0,0,1848,270,493,1085,0,0,461,44,568,12,229043,105026,63120,60897,41352,19545,0,0,0,0
2011,충북,0.9,0.3,0.7,2,0,0,1.2,4.6,3.3,5.2,1923,318,417,1188,0,0,496,65,590,37,222166,99902,61590,60674,0,0,40509,1423,18031,711
2012,충북,0.8,0.3,0.7,1.8,0,0,1.3,8,2.2,3.1,1730,244,390,1096,0,0,481,147,374,94,214026,94507,59452,60067,0,0,37841,1846,17361,3019
2013,충북,0.8,0.3,0.6,1.7,0,0,1.5,2.6,2.3,1.2,1626,244,362,1020,0,0,549,56,356,59,205433,88860,57623,58950,0,0,36620,2121,15474,4735
2014,충북,0.7,0.3,0.5,1.5,0,0,1.1,1.6,2.6,0.5,1404,269,272,863,0,0,401,33,404,25,199402,86508,54970,57924,0,0,35609,2099,15497,4719
2015,충북,0.6,0.3,0.4,1.4,0,0,1.1,1.3,2.2,0.6,1207,223,219,765,0,0,385,28,326,26,192224,85290,50707,56227,0,0,34312,2116,15088,4711
2016,충북,0.7,0.3,0.5,1.6,0,0,1,1.6,3,0.9,1312,238,215,859,0,0,343,35,438,43,185276,84052,46287,54937,0,0,33574,2138,14504,4721
2017,충북,0.7,0.3,0.5,1.5,0,0,1,1.8,2.8,0.9,1226,250,197,779,0,0,322,38,380,39,180076,84240,43530,52306,0,0,32055,2158,13513,4580
2018,충북,0.8,0.3,0.5,1.7,0,0,1,1.4,3.7,1.2,1330,275,210,845,0,0,298,30,465,52,175582,85344,41869,48369,0,0,29417,2171,12471,4310
2019,충북,0.7,0.3,0.6,1.8,0,0,1,1.8,3.8,1,1277,266,230,781,0,0,277,39,424,41,171601,86709,40839,44053,0,0,26606,2196,11159,4092
1999,충남,1,0.2,0.8,2.6,1.5,4.1,0,0,0,0,3327,258,615,2454,823,1631,0,0,0,0,318356,149178,76085,93093,53124,39969,0,0,0,0
2000,충남,1.1,0.3,0.8,2.9,1.8,4.5,0,0,0,0,3441,396,606,2439,896,1543,0,0,0,0,310478,151526,73993,84959,51045,33914,0,0,0,0
2001,충남,1.1,0.4,0.9,2.9,2,4.4,0,0,0,0,3478,588,642,2248,936,1312,0,0,0,0,303349,153728,71934,77687,47820,29867,0,0,0,0
2002,충남,0.9,0.3,0.7,2.6,1.6,4.8,0,0,0,0,2794,409,489,1896,827,1069,0,0,0,0,298242,155257,70521,72464,50170,22294,0,0,0,0
2003,충남,0.9,0.5,0.8,1.9,1.2,3.6,0,0,0,0,2653,758,546,1349,584,765,0,0,0,0,296560,156793,69328,70439,49339,21100,0,0,0,0
2004,충남,0.7,0.3,0.8,1.6,1,3,0,0,0,0,2084,449,543,1092,497,595,0,0,0,0,296497,156721,71099,68677,48569,20108,0,0,0,0
2005,충남,0.7,0.3,0.7,1.5,1.2,2.5,0,0,0,0,2119,525,550,1044,562,482,0,0,0,0,298249,156088,74102,68059,48766,19293,0,0,0,0
2006,충남,0.8,0.4,0.7,1.9,1.4,3.3,0,0,0,0,2383,552,552,1279,659,620,0,0,0,0,299265,154598,77201,67466,48683,18783,0,0,0,0
2007,충남,0.8,0.3,0.8,1.9,1.4,3.4,0,0,0,0,2481,536,610,1335,696,639,0,0,0,0,301383,153984,78026,69373,50507,18866,0,0,0,0
2008,충남,0.8,0.2,0.7,2.1,1.4,4.1,0,0,0,0,2464,374,556,1534,771,763,0,0,0,0,300972,150382,78437,72153,53390,18763,0,0,0,0
2009,충남,0.7,0.2,0.6,2,1.6,3.1,0,0,0,0,2200,254,461,1485,899,586,0,0,0,0,297636,143961,78369,75306,56296,19010,0,0,0,0
2010,충남,0.9,0.3,0.8,2.1,0,0,0,0,0,0,2652,403,620,1629,0,0,1027,50,515,37,293841,138404,78580,76857,57731,19126,0,0,0,0
2011,충남,0.9,0.3,0.8,2.1,0,0,1.6,5.2,3.6,3.5,2695,422,656,1617,0,0,959,87,472,99,288186,132962,77771,77453,0,0,59712,1662,13273,2806
2012,충남,0.9,0.3,0.7,1.9,0,0,1.5,2.5,3.3,2.1,2436,407,566,1463,0,0,883,58,431,91,281869,127260,76604,78005,0,0,58091,2290,13252,4372
2013,충남,0.8,0.3,0.7,1.7,0,0,1.5,1.9,2.5,1.2,2143,371,490,1282,0,0,834,47,339,62,264920,116216,72867,75837,0,0,54919,2443,13312,5163
2014,충남,0.7,0.3,0.5,1.4,0,0,1.1,2.1,2.3,1.2,1745,349,384,1012,0,0,587,49,312,64,260168,115056,70209,74903,0,0,53713,2388,13321,5481
2015,충남,0.7,0.3,0.6,1.3,0,0,1.2,1.4,2,1.1,1723,363,367,993,0,0,639,38,255,61,254270,115484,65223,73563,0,0,52442,2622,12761,5738
2016,충남,0.7,0.3,0.4,1.5,0,0,1.4,1.2,2.2,0.8,1734,403,267,1064,0,0,709,31,276,48,248544,115309,60196,73039,0,0,51901,2623,12516,5999
2017,충남,0.7,0.4,0.5,1.5,0,0,1.3,1.7,2.5,1.2,1809,492,271,1046,0,0,644,44,288,70,244912,116963,57544,70405,0,0,50312,2587,11705,5801
2018,충남,0.8,0.4,0.6,1.6,0,0,1.2,2.3,3.6,1.2,1851,464,315,1072,0,0,570,58,376,68,242256,120152,56595,65509,0,0,47022,2502,10513,5472
2019,충남,0.8,0.4,0.7,1.8,0,0,1.4,1.9,3.9,1.3,2006,535,378,1093,0,0,591,45,389,68,238888,122424,56031,60433,0,0,42673,2390,10092,5278
1999,전북,1,0.3,0.8,2.3,0.9,3.8,0,0,0,0,3366,408,620,2338,449,1889,0,0,0,0,340240,156139,82150,101951,52809,49142,0,0,0,0
2000,전북,1,0.3,0.8,2.6,1,4.2,0,0,0,0,3411,422,645,2344,451,1893,0,0,0,0,330139,159683,78855,91601,46523,45078,0,0,0,0
2001,전북,1,0.3,0.7,2.6,1.1,4.1,0,0,0,0,3115,476,538,2101,485,1616,0,0,0,0,319263,161425,75524,82314,43010,39304,0,0,0,0
2002,전북,0.9,0.4,0.6,2.2,1.1,3.6,0,0,0,0,2733,576,450,1707,443,1264,0,0,0,0,312848,162816,74163,75869,40329,35540,0,0,0,0
2003,전북,0.9,0.6,0.6,2,0.9,3.3,0,0,0,0,2809,943,441,1425,383,1042,0,0,0,0,308818,162998,72900,72920,41135,31785,0,0,0,0
2004,전북,0.7,0.3,0.6,1.7,0.8,2.9,0,0,0,0,2106,464,440,1202,342,860,0,0,0,0,305665,160778,74161,70726,41291,29435,0,0,0,0
2005,전북,0.7,0.3,0.5,1.6,0.9,2.7,0,0,0,0,1976,416,415,1145,384,761,0,0,0,0,303909,157804,75975,70130,42312,27818,0,0,0,0
2006,전북,0.8,0.3,0.6,2.1,1.2,3.5,0,0,0,0,2407,513,465,1429,498,931,0,0,0,0,301977,154099,78238,69640,43160,26480,0,0,0,0
2007,전북,0.8,0.3,0.6,2.1,1.1,4,0,0,0,0,2414,455,462,1497,469,1028,0,0,0,0,299164,149721,78859,70584,44624,25960,0,0,0,0
2008,전북,0.7,0.3,0.6,1.8,1,3.4,0,0,0,0,2184,362,498,1324,464,860,0,0,0,0,294037,143293,78526,72218,47282,24936,0,0,0,0
2009,전북,0.7,0.2,0.6,1.8,0.9,3.8,0,0,0,0,2138,308,448,1382,444,938,0,0,0,0,287817,135336,77765,74716,50017,24699,0,0,0,0
2010,전북,0.9,0.3,0.7,2,0,0,0,0,0,0,2394,365,550,1479,0,0,786,82,574,37,279160,126869,76583,75708,50620,25088,0,0,0,0
2011,전북,0.9,0.4,0.7,1.8,0,0,1.5,2.1,3.6,0.7,2312,429,494,1389,0,0,823,70,466,30,269784,119592,74593,75599,0,0,55266,3263,13034,4036
2012,전북,0.8,0.3,0.6,1.6,0,0,1.3,1.6,3.1,0.7,2009,342,453,1214,0,0,729,46,412,27,259686,112640,72040,75006,0,0,54839,2942,13231,3994
2013,전북,0.7,0.3,0.5,1.5,0,0,1.2,1.5,3.1,0.6,1827,297,382,1148,0,0,665,44,414,25,250358,105135,70602,74621,0,0,54431,2979,13214,3997
2014,전북,0.6,0.3,0.5,1.3,0,0,1.1,1.4,2.2,0.3,1537,282,308,947,0,0,593,43,300,11,242475,101860,67182,73433,0,0,52423,3109,13872,4029
2015,전북,0.6,0.3,0.4,1.2,0,0,1.1,1.2,1.8,0.5,1381,257,274,850,0,0,555,38,242,15,234248,100260,62444,71544,0,0,52137,3141,13402,2864
2016,전북,0.6,0.2,0.4,1.2,0,0,1.1,1.4,1.7,0.6,1341,243,244,854,0,0,568,44,223,19,225267,97895,56923,70449,0,0,51279,3142,13083,2945
2017,전북,0.6,0.3,0.5,1.3,0,0,1,1.5,2.3,0.6,1355,264,240,851,0,0,506,51,277,17,217835,97383,53303,67149,0,0,48853,3385,11938,2973
2018,전북,0.7,0.3,0.4,1.5,0,0,1.1,1.6,3,0.8,1423,297,217,909,0,0,508,52,325,24,210819,97606,50859,62354,0,0,45568,3177,10766,2843
2019,전북,0.6,0.2,0.4,1.6,0,0,1.3,1.6,3.1,0.1,1307,219,206,882,0,0,541,48,291,2,203148,97731,48648,56769,0,0,41946,2951,9259,2613
1999,전남,1,0.3,0.6,2.3,1.1,3.8,0,0,0,0,3470,410,546,2514,642,1872,0,0,0,0,355024,162154,84268,108602,59640,48962,0,0,0,0
2000,전남,1,0.2,0.7,2.6,1.3,4.4,0,0,0,0,3473,363,566,2544,720,1824,0,0,0,0,341147,163677,79535,97935,56153,41782,0,0,0,0
2001,전남,1,0.2,0.6,2.6,1.4,4.4,0,0,0,0,3094,395,450,2249,742,1507,0,0,0,0,325666,164231,74918,86517,52011,34506,0,0,0,0
2002,전남,0.8,0.3,0.5,2.2,1.2,3.7,0,0,0,0,2540,474,392,1674,561,1113,0,0,0,0,314897,164722,72478,77697,47918,29779,0,0,0,0
2003,전남,0.9,0.7,0.7,1.8,0.9,3.3,0,0,0,0,2907,1130,476,1301,392,909,0,0,0,0,308210,164606,70707,72897,45137,27760,0,0,0,0
2004,전남,0.6,0.2,0.6,1.6,0.9,2.9,0,0,0,0,1927,379,422,1126,377,749,0,0,0,0,301834,161187,71739,68908,43410,25498,0,0,0,0
2005,전남,0.6,0.2,0.6,1.6,0.9,2.9,0,0,0,0,1832,346,409,1077,388,689,0,0,0,0,298101,156686,74105,67310,43440,23870,0,0,0,0
2006,전남,0.7,0.2,0.6,1.9,1,3.6,0,0,0,0,2088,379,443,1266,442,824,0,0,0,0,294997,152538,76075,66384,43228,23156,0,0,0,0
2007,전남,0.8,0.3,0.6,2.1,1.2,4,0,0,0,0,2395,458,488,1449,517,932,0,0,0,0,292420,148376,76055,67989,44607,23382,0,0,0,0
2008,전남,0.9,0.3,0.7,2.2,1.2,4.3,0,0,0,0,2467,363,524,1580,568,1012,0,0,0,0,287148,141424,75460,70264,46695,23569,0,0,0,0
2009,전남,0.8,0.2,0.7,2.1,1.1,4.1,0,0,0,0,2225,243,492,1490,529,961,0,0,0,0,279890,132503,75119,72268,48709,23559,0,0,0,0
2010,전남,0.8,0.2,0.7,2,0,0,0,0,0,0,2187,240,505,1442,0,0,601,27,789,25,270656,123912,74251,72493,49220,23273,0,0,0,0
2011,전남,0.9,0.3,0.6,2.1,0,0,1.1,2,4.8,1.5,2226,300,440,1486,0,0,543,29,864,50,259737,115550,71837,72350,0,0,49765,1477,17865,3243
2012,전남,0.8,0.2,0.5,1.8,0,0,1.1,4.6,3.8,0.8,1932,230,373,1329,0,0,499,71,715,44,248886,107133,69647,72106,0,0,46561,1531,18603,5411
2013,전남,0.7,0.2,0.5,1.7,0,0,1,3,3.3,0.8,1733,204,340,1189,0,0,463,73,595,58,238884,99206,67888,71790,0,0,44494,2474,17768,7054
2014,전남,0.7,0.2,0.4,1.5,0,0,1.1,1.4,2.7,0.8,1532,206,288,1038,0,0,457,37,489,55,230258,95720,64300,70238,0,0,42419,2726,18087,7006
2015,전남,0.6,0.2,0.4,1.3,0,0,0.9,1.5,2.5,0.8,1296,197,216,883,0,0,357,38,434,54,221581,94368,58806,68407,0,0,41564,2541,17491,6811
2016,전남,0.6,0.2,0.4,1.3,0,0,0.9,0.9,2.6,0.4,1295,227,188,880,0,0,385,22,445,28,213135,92981,53181,66973,0,0,40758,2584,16966,6665
2017,전남,0.7,0.3,0.4,1.4,0,0,0.9,1.7,2.9,0.7,1385,289,193,903,0,0,357,45,457,44,206506,93233,49642,63631,0,0,38732,2587,16021,6291
2018,전남,0.7,0.3,0.4,1.5,0,0,1,1.4,2.9,0.9,1363,306,184,873,0,0,356,36,427,54,199653,94134,47270,58249,0,0,35342,2536,14609,5762
2019,전남,0.7,0.3,0.4,1.5,0,0,1,1.5,3.1,0.6,1302,307,199,796,0,0,313,40,410,33,193370,94952,45663,52755,0,0,31870,2606,13063,5216
1999,경북,0.8,0.2,0.6,2,1.2,3.4,0,0,0,0,3764,409,667,2688,948,1740,0,0,0,0,456611,217581,105317,133713,82254,51459,0,0,0,0
2000,경북,0.8,0.2,0.6,2.2,1.2,4,0,0,0,0,3597,340,574,2683,911,1772,0,0,0,0,440850,217710,102583,120557,75778,44779,0,0,0,0
2001,경북,0.9,0.2,0.6,2.5,1.4,4.3,0,0,0,0,3725,428,627,2670,951,1719,0,0,0,0,426299,217985,99548,108766,69069,39697,0,0,0,0
2002,경북,0.8,0.3,0.5,2,1.2,3.5,0,0,0,0,3170,683,495,1992,755,1237,0,0,0,0,416462,217903,98199,100360,65401,34959,0,0,0,0
2003,경북,0.7,0.4,0.5,1.6,0.9,3,0,0,0,0,2907,889,445,1573,598,975,0,0,0,0,411315,216719,96960,97636,65438,32198,0,0,0,0
2004,경북,0.5,0.2,0.4,1.3,0.7,2.5,0,0,0,0,2055,436,416,1203,458,745,0,0,0,0,406320,212588,98613,95119,64843,30276,0,0,0,0
2005,경북,0.5,0.2,0.4,1.2,0.7,2.3,0,0,0,0,2014,430,428,1156,476,680,0,0,0,0,401198,206141,100807,94250,64495,29755,0,0,0,0
2006,경북,0.5,0.2,0.5,1.4,0.8,2.6,0,0,0,0,2151,372,501,1278,526,752,0,0,0,0,397826,201415,102754,93657,64789,28868,0,0,0,0
2007,경북,0.6,0.2,0.5,1.6,0.9,3,0,0,0,0,2405,410,492,1503,615,888,0,0,0,0,393014,196170,101636,95208,65845,29363,0,0,0,0
2008,경북,0.6,0.2,0.6,1.5,0.9,2.9,0,0,0,0,2399,348,562,1489,628,861,0,0,0,0,384298,187309,100182,96807,67237,29570,0,0,0,0
2009,경북,0.6,0.1,0.5,1.6,1,3.1,0,0,0,0,2259,218,446,1595,651,944,0,0,0,0,372590,175577,98685,98328,68317,30011,0,0,0,0
2010,경북,0.7,0.2,0.6,1.7,0,0,0,0,0,0,2667,402,568,1697,0,0,880,59,709,49,359488,164230,97491,97767,68826,28941,0,0,0,0
2011,경북,0.8,0.3,0.5,1.8,0,0,1.3,1.6,3.7,1.5,2658,446,486,1726,0,0,937,55,662,72,345747,155146,93999,96602,0,0,70192,3339,18136,4935
2012,경북,0.7,0.2,0.5,1.6,0,0,1.2,2.2,3.3,0.7,2358,321,492,1545,0,0,845,67,583,50,332449,144918,91614,95917,0,0,67603,3061,17900,7353
2013,경북,0.7,0.2,0.5,1.4,0,0,1.2,0.9,2.9,0.5,2091,331,424,1336,0,0,761,36,496,43,319383,135237,89128,95018,0,0,65963,3833,16993,8229
2014,경북,0.6,0.2,0.4,1.2,0,0,1,1.1,2.5,0.6,1778,265,364,1149,0,0,644,42,417,46,308753,131307,85118,92328,0,0,63451,3859,16866,8152
2015,경북,0.5,0.3,0.4,1.1,0,0,0.8,1.1,2.3,0.6,1616,332,284,1000,0,0,517,41,395,47,297562,129743,77581,90238,0,0,61443,3889,16951,7955
2016,경북,0.6,0.3,0.4,1.3,0,0,0.9,1.3,2.8,0.8,1711,324,261,1126,0,0,561,50,452,63,286749,127825,70468,88456,0,0,59972,3919,16416,8149
2017,경북,0.6,0.3,0.4,1.3,0,0,1,1.4,2.8,0.5,1668,331,253,1084,0,0,561,53,427,43,278474,127642,65906,84926,0,0,57666,3907,15377,7976
2018,경북,0.7,0.3,0.5,1.4,0,0,1,1.3,3.5,0.7,1830,412,299,1119,0,0,525,50,489,55,270775,129290,63540,77945,0,0,52496,3967,13964,7518
2019,경북,0.7,0.3,0.5,1.6,0,0,1.1,0.8,4,0.6,1845,436,299,1110,0,0,521,31,513,45,264039,131374,61393,71272,0,0,47473,3933,12851,7015
1999,경남,0.8,0.2,0.8,2,1,3.6,0,0,0,0,4335,496,952,2887,874,2013,0,0,0,0,535645,262965,126069,146611,90314,56297,0,0,0,0
2000,경남,0.9,0.3,0.8,2.2,1.2,4,0,0,0,0,4783,760,968,3055,1034,2021,0,0,0,0,528642,269119,122943,136580,86536,50044,0,0,0,0
2001,경남,1,0.4,0.7,2.3,1.4,4,0,0,0,0,4949,1198,880,2871,1137,1734,0,0,0,0,519979,273581,120808,125590,82181,43409,0,0,0,0
2002,경남,0.8,0.3,0.5,2.1,1.2,4.1,0,0,0,0,4097,936,654,2507,969,1538,0,0,0,0,516783,278337,120998,117448,80206,37242,0,0,0,0
2003,경남,0.9,0.7,0.5,1.5,0.9,3.2,0,0,0,0,4522,2104,656,1762,686,1076,0,0,0,0,519966,283632,121832,114502,80700,33802,0,0,0,0
2004,경남,0.5,0.3,0.5,1.4,0.8,2.7,0,0,0,0,2840,712,603,1525,676,849,0,0,0,0,520368,280491,127439,112438,80836,31602,0,0,0,0
2005,경남,0.5,0.2,0.5,1.2,0.8,2.4,0,0,0,0,2787,679,695,1413,690,723,0,0,0,0,521379,275274,132949,113156,82728,30428,0,0,0,0
2006,경남,0.6,0.4,0.5,1.3,0.9,2.5,0,0,0,0,3279,1046,741,1492,768,724,0,0,0,0,522888,270349,138384,114155,84764,29391,0,0,0,0
2007,경남,0.6,0.3,0.6,1.5,1.1,2.7,0,0,0,0,3369,859,777,1733,942,791,0,0,0,0,522836,264776,138629,119431,89660,29771,0,0,0,0
2008,경남,0.6,0.2,0.5,1.6,1.1,3.1,0,0,0,0,3291,592,748,1951,1039,912,0,0,0,0,517056,254368,138290,124398,94647,29751,0,0,0,0
2009,경남,0.6,0.2,0.5,1.6,1.1,3.1,0,0,0,0,3177,368,753,2056,1115,941,0,0,0,0,507083,240129,137403,129551,99379,30172,0,0,0,0
2010,경남,0.8,0.2,0.7,1.7,0,0,0,0,0,0,3715,569,898,2248,0,0,1425,83,740,0,493422,227813,135600,130009,100024,29985,0,0,0,0
2011,경남,0.8,0.3,0.6,1.8,0,0,1.3,2.1,3.8,0,3787,646,810,2331,0,0,1395,59,758,119,477086,215383,131677,130026,0,0,107455,2799,19772,0
2012,경남,0.7,0.3,0.6,1.6,0,0,1.3,1.6,3.5,2.1,3389,564,736,2089,0,0,1273,44,625,147,459039,202320,127510,129209,0,0,101506,2742,18077,6884
2013,경남,0.7,0.3,0.5,1.3,0,0,1.1,0.6,2.7,1.4,2898,567,651,1680,0,0,1053,16,486,125,442189,190166,124566,127457,0,0,97367,2746,18130,9214
2014,경남,0.6,0.3,0.4,1.1,0,0,0.9,1.3,2.1,1.5,2379,487,476,1416,0,0,884,36,367,129,429226,186973,118400,123853,0,0,95071,2742,17420,8620
2015,경남,0.5,0.3,0.4,1.1,0,0,1,1.2,2.1,1.2,2246,491,399,1356,0,0,880,34,338,104,415891,187075,108732,120084,0,0,92447,2775,16474,8388
2016,경남,0.6,0.2,0.3,1.3,0,0,1.1,0.9,2.2,1.5,2263,440,342,1481,0,0,992,25,341,123,402301,185325,99401,117575,0,0,91325,2809,15201,8240
2017,경남,0.6,0.3,0.4,1.3,0,0,1,1.3,2.9,1.4,2361,537,358,1466,0,0,902,35,417,112,392080,186619,93843,111618,0,0,86618,2757,14311,7932
2018,경남,0.6,0.3,0.4,1.3,0,0,1.1,1,2.8,1.2,2305,581,374,1350,0,0,859,28,375,88,384328,191016,90851,102461,0,0,79126,2742,13184,7409
2019,경남,0.6,0.3,0.5,1.4,0,0,1.1,1.4,3.4,1.1,2299,588,410,1301,0,0,773,40,411,77,377123,194606,88668,93849,0,0,72160,2853,11995,6841
1999,제주,0.9,0.2,0.7,2.2,0.7,4.4,0,0,0,0,797,84,143,570,117,453,0,0,0,0,91767,44510,21274,25983,15613,10370,0,0,0,0
2000,제주,0.9,0.2,0.7,2.2,1.2,3.8,0,0,0,0,777,101,148,528,173,355,0,0,0,0,91180,46778,20537,23865,14534,9331,0,0,0,0
2001,제주,0.9,0.3,0.7,2.5,1,5,0,0,0,0,842,165,138,539,136,403,0,0,0,0,90318,48850,19963,21505,13445,8060,0,0,0,0
2002,제주,0.9,0.4,0.4,2.6,0.9,5.4,0,0,0,0,800,198,80,522,118,404,0,0,0,0,91177,50770,20178,20229,12760,7469,0,0,0,0
2003,제주,1,0.7,0.7,2,0.7,4.4,0,0,0,0,910,378,140,392,84,308,0,0,0,0,92278,52144,20719,19415,12356,7059,0,0,0,0
2004,제주,0.6,0.2,0.6,1.7,0.7,3.4,0,0,0,0,531,90,123,318,84,234,0,0,0,0,93446,52359,22207,18880,12006,6874,0,0,0,0
2005,제주,0.5,0.2,0.4,1.6,0.6,3.4,0,0,0,0,491,81,99,311,79,232,0,0,0,0,94562,51671,23856,19035,12171,6864,0,0,0,0
2006,제주,0.6,0.2,0.5,1.8,0.6,3.7,0,0,0,0,591,117,132,342,81,261,0,0,0,0,95558,50791,25252,19515,12479,7036,0,0,0,0
2007,제주,0.7,0.2,0.7,1.9,0.6,4.1,0,0,0,0,657,87,177,393,87,306,0,0,0,0,96650,50047,25667,20936,13485,7451,0,0,0,0
2008,제주,0.8,0.2,0.7,2.1,0.6,4.7,0,0,0,0,734,90,182,462,91,371,0,0,0,0,96303,48291,25708,22304,14488,7816,0,0,0,0
2009,제주,0.7,0.2,0.5,1.9,0.8,3.9,0,0,0,0,654,83,135,436,118,318,0,0,0,0,94836,46028,25372,23436,15349,8087,0,0,0,0
2010,제주,0.8,0.3,0.8,1.8,0,0,0,0,0,0,767,132,195,440,0,0,250,5,185,0,93046,44035,25204,23807,15754,8053,0,0,0,0
2011,제주,0.7,0.3,0.7,1.6,0,0,1.2,1.8,3,0,676,128,163,385,0,0,234,7,138,6,90568,42143,24556,23869,0,0,18838,379,4652,0
2012,제주,0.7,0.2,0.5,1.6,0,0,1.4,0.8,2.5,0.8,608,95,126,387,0,0,259,3,119,6,88028,40172,24059,23797,0,0,17964,376,4716,741
2013,제주,0.7,0.2,0.6,1.6,0,0,1.5,0.5,2,0.8,587,86,132,369,0,0,267,2,94,6,85835,38235,23887,23713,0,0,17841,389,4773,710
2014,제주,0.6,0.3,0.5,1.1,0,0,1.1,1,1.3,0.6,483,109,120,254,0,0,194,4,52,4,84516,37915,23380,23221,0,0,18063,389,4082,687
2015,제주,0.5,0.3,0.6,0.9,0,0,0.8,1.6,1.4,0,442,105,125,212,0,0,148,6,58,0,83199,38164,22051,22984,0,0,17916,383,4008,677
2016,제주,0.5,0.3,0.5,0.9,0,0,0.9,2,1.1,0,438,132,97,209,0,0,157,8,44,0,81837,38272,20629,22936,0,0,17929,397,3922,688
2017,제주,0.6,0.4,0.5,0.9,0,0,0.9,1.5,1,0,471,162,99,210,0,0,166,6,38,0,80926,38901,19603,22422,0,0,18217,402,3803,0
2018,제주,0.6,0.4,0.6,1.1,0,0,1,1.5,1.3,0,523,180,112,231,0,0,178,6,47,0,80490,40096,19306,21088,0,0,17089,399,3600,0
2019,제주,0.6,0.4,0.6,1.2,0,0,1,2.1,1.9,0,513,156,120,237,0,0,168,8,61,0,79674,41068,18899,19707,0,0,16027,390,3290,0
,,,,,,,,,,,,,,,,,,,,,,,,,,,,,,,
,,,,,,,,,,,,,,,,,,,,,,,,,,,,,,,
통계 도움말,,,,,,,,,,,,,,,,,,,,,,,,,,,,,,,
"1. 조사 기준일 

- 학생수: 해당 연도 4월 1일 

- 학업중단자: 해당 연도 3월 1일 ~ 차년도 2월 말(학년도 기준) 

2. 출처 : 한국교육개발원 교육통계서비스(kess.kedi.re.kr)",,,,,,,,,,,,,,,,,,,,,,,,,,,,,,,
